Date,Close,High,Low,Open,Volume,Peaklabel
2020-01-03,5.876163005828857,5.919972391625994,5.827126404235172,5.8520181115010415,205384000,0
2020-01-06,5.900805950164795,5.906033166396497,5.756683859907929,5.782819941066442,262636000,0
2020-01-07,5.972243309020996,6.018043869959242,5.884126996951662,5.929180745106984,314856000,0
2020-01-08,5.983445167541504,6.02476533080806,5.927936984247167,5.968012301157384,277108000,0
2020-01-09,6.049159526824951,6.121594208507884,5.995393743948689,6.069819610250797,255112000,0
2020-01-10,6.081518173217773,6.186809770808669,6.0673301525191965,6.156442070101162,316296000,0
2020-01-13,6.272188186645508,6.297328672209286,6.142004881392839,6.1646566236309255,319840000,1
2020-01-14,6.155198574066162,6.254764936804578,6.142005668991298,6.229375193836621,359088000,0
2020-01-15,6.112633228302002,6.190295129500702,6.086745927902435,6.167892639740698,263104000,0
2020-01-16,6.196269512176514,6.2022435414382375,6.142752503002225,6.166150586456533,284192000,0
2020-01-17,6.204979419708252,6.222901501371404,6.157436456035932,6.215433848652664,253792000,0
2020-01-21,6.171627044677734,6.205230781169707,6.137525274594158,6.168391013256984,217916000,0
2020-01-22,6.225641250610352,6.312263957542838,6.198011544974662,6.216929224037822,239240000,0
2020-01-23,6.294093132019043,6.302556379249734,6.176853941628619,6.265717088011191,244516000,1
2020-01-24,6.2348504066467285,6.459372829803873,6.1805865955994514,6.409589421091371,373512000,0
2020-01-27,5.9789652824401855,6.029993067760032,5.780578915631967,5.930177461123902,470536000,-1
2020-01-28,6.1723737716674805,6.204732661114455,5.991660220223614,6.044928449138789,310976000,0
2020-01-29,6.111886501312256,6.194028800283632,6.072059486118129,6.15793584965853,258848000,0
2020-01-30,6.1186065673828125,6.132048249631274,5.959051634143337,6.014061785212936,290504000,0
2020-01-31,5.885124206542969,6.084754962077711,5.843306477363866,6.072806903806579,370420000,-1
2020-02-03,5.982202529907227,6.001617770811708,5.860731222841778,5.866954032117835,255564000,0
2020-02-04,6.151463985443115,6.170630918127771,6.074051340845975,6.124083534751858,271544000,0
2020-02-05,6.241821765899658,6.282643906546109,6.158434604289566,6.2724382526920195,208220000,0
2020-02-06,6.32869291305542,6.32869291305542,6.195025252182283,6.276171970118203,218284000,0
2020-02-07,6.262481689453125,6.3107714846565175,6.237091945195937,6.2886177719797365,189752000,0
2020-02-10,6.54574728012085,6.546493618262871,6.280153451840384,6.285131888072721,529608000,0
2020-02-11,6.668214321136475,6.782964771080069,6.592046043560209,6.654026298752604,638556000,0
2020-02-12,6.783960342407227,6.790432405067395,6.682153543370366,6.720984495021811,374644000,0
2020-02-13,6.740151882171631,6.807359362526985,6.698582927043743,6.72596385787813,528016000,0
2020-02-14,7.213340759277344,7.342279230927972,7.1190016154884255,7.150364912026992,1041924000,0
2020-02-18,7.382104396820068,7.40052451416718,7.090623772452754,7.110039007227557,620164000,0
2020-02-19,7.833390712738037,7.851064020655914,7.504572706264025,7.504572706264025,694332000,1
2020-02-20,7.684040546417236,7.873714406280778,7.376628997768017,7.785349300924621,810052000,0
2020-02-21,7.319876194000244,7.5969200503790075,7.234995896345942,7.571779564190867,768180000,0
2020-02-24,6.802380084991455,7.016199338897415,6.670952392850735,6.725464993578654,856916000,0
2020-02-25,6.5228471755981445,6.939532724551069,6.421040379552109,6.877552471371919,1055496000,0
2020-02-26,6.6622395515441895,6.856394288824368,6.521602290820598,6.523095441852512,747732000,0
2020-02-27,6.291381359100342,6.650035058030481,6.198978180673771,6.3486661896433265,906416000,-1
2020-02-28,6.726498603820801,6.786025220014102,6.022142987866289,6.0388302026384215,1133252000,0
2020-03-02,6.884903430938721,6.913795251009622,6.500596333801726,6.896609705893293,890744000,0
2020-03-03,6.62238883972168,7.0004693869095975,6.536959450109381,6.940693849513232,652792000,0
2020-03-04,7.086147785186768,7.09561228101108,6.655016081433134,6.729735860317768,597408000,1
2020-03-05,6.806697368621826,7.053520584933853,6.762114521676664,6.886647019221551,540328000,0
2020-03-06,6.626127243041992,6.68465768737455,6.4258787109774,6.627123431128524,515412000,0
2020-03-09,6.1130523681640625,6.460747133840763,5.932231194756795,5.975070126101023,614160000,0
2020-03-10,6.502589702606201,6.502589702606201,6.126750856528981,6.389514062063672,580648000,0
2020-03-11,6.138705253601074,6.391008234937779,6.041570049950041,6.362614743471863,499964000,0
2020-03-12,5.3875250816345215,5.880922590074944,5.374822618565289,5.615419306959391,816540000,0
2020-03-13,5.998481750488281,6.002964833363654,5.46971692326444,5.740948425289595,634836000,0
2020-03-16,4.891636848449707,5.631360263043565,4.831861300562476,5.290389904289958,726972000,-1
2020-03-17,5.411436080932617,5.500850721363822,4.757142478103696,5.00396574510083,833632000,0
2020-03-18,5.051535606384277,5.228869837980907,4.500106064407561,4.983790094330558,874268000,0
2020-03-19,5.304338455200195,5.397986774799926,4.816669054113508,5.0301174088840845,765512000,0
2020-03-20,5.124512672424316,5.736465097616872,5.109070573692925,5.454523519308622,804636000,0
2020-03-23,5.297364711761475,5.391760775462857,4.944439555697862,5.123517305544691,643876000,0
2020-03-24,6.206201076507568,6.292876059408333,5.679927024794933,5.703588027208368,1101644000,0
2020-03-25,6.117535591125488,6.52102069057056,6.0687185809740605,6.321270516754984,793432000,0
2020-03-26,6.406948089599609,6.530982254261834,6.226624803465022,6.32475618614225,696108000,0
2020-03-27,6.294619560241699,6.553397970090349,6.193748070045489,6.226624640546715,638828000,0
2020-03-30,6.6149187088012695,6.624134279128388,6.316040456879756,6.3601249824112935,602252000,1
2020-03-31,6.565354347229004,6.859251158835112,6.419651057553096,6.655017435052641,949960000,0
2020-04-01,6.054023742675781,6.513797974723411,6.009441362649647,6.367347894307023,656912000,-1
2020-04-02,6.362864971160889,6.376065293227348,6.035095373365499,6.083164649967465,675764000,0
2020-04-03,6.074945449829102,6.366849415976283,5.937461539222708,6.325255600771214,663212000,0
2020-04-06,6.684905529022217,6.721767332555678,6.29960170224087,6.357135949134884,727884000,1
2020-04-07,6.451530933380127,6.930234103748807,6.408442602975516,6.9065726237286,784520000,0
2020-04-08,6.6487908363342285,6.673697434107098,6.490634486788427,6.560621793753807,542444000,0
2020-04-09,6.549164772033691,6.797482534342987,6.4861512568647814,6.774568787947291,525564000,0
2020-04-13,6.721020698547363,6.729737937516502,6.40097213909786,6.489390120101349,398408000,0
2020-04-14,7.072201251983643,7.106322942592839,6.8216417163665195,6.849287948378058,530948000,0
2020-04-15,6.994741916656494,7.077680613757875,6.858752533818394,6.904082169746486,366148000,0
2020-04-16,7.339944839477539,7.447042857614191,7.13695722143633,7.150157540051876,745620000,1
2020-04-17,7.280669212341309,7.443557578500332,7.146672196506865,7.422137875213669,539120000,0
2020-04-20,7.149411678314209,7.310058736928039,7.105078228319181,7.15414416472003,449388000,0
2020-04-21,6.712551116943359,7.092624089200927,6.652775571734797,7.03135449977616,735160000,-1
2020-04-22,7.126994609832764,7.169834008405409,6.859250031441919,6.904828590033302,483356000,0
2020-04-23,7.073695659637451,7.301092057808593,7.048540133503108,7.169087896420153,424160000,0
2020-04-24,7.212672710418701,7.214665085855016,6.988763250171881,7.0634830296786895,352328000,0
2020-04-27,7.399223327636719,7.5591231127049054,7.32251116430416,7.34716883200362,479388000,0
2020-04-28,7.256758213043213,7.57655779181124,7.251278942319356,7.546669780922437,442904000,0
2020-04-29,7.433594226837158,7.486395980728653,7.316284443519577,7.391502085625308,379160000,1
2020-04-30,7.2796711921691895,7.433593353120145,7.265723614484797,7.379546014539388,375916000,0
2020-05-01,7.043061256408691,7.195488941129473,6.994742577253908,7.08216436555282,342096000,-1
2020-05-04,7.255016326904297,7.268714981715876,6.9957394987144355,6.9957394987144355,317556000,0
2020-05-05,7.316036224365234,7.478675656247142,7.255015083856229,7.359124557554137,368896000,0
2020-05-06,7.416907787322998,7.521764528218507,7.357630565206248,7.395488558353612,323464000,0
2020-05-07,7.5932440757751465,7.656506509754425,7.504826120116613,7.5561333512069115,373732000,0
2020-05-08,7.78328275680542,7.7895092880000885,7.631103997142636,7.664976763891202,339216000,0
2020-05-11,8.035337448120117,8.082161612297496,7.74965950090156,7.778301926593448,469060000,1
2020-05-12,7.773319244384766,8.14193536937113,7.763605818569572,8.09311883703048,493060000,0
2020-05-13,7.750903606414795,8.04828682508833,7.566346145958419,7.88788917695127,625852000,-1
2020-05-14,8.00046443939209,8.005943708472044,7.65874693014385,7.81242014304468,602312000,0
2020-05-15,8.458995819091797,8.468708769873249,7.844552158385767,7.860243186670584,987660000,0
2020-05-18,8.71752643585205,8.883154936522256,8.64803744808191,8.727738194999874,774460000,0
2020-05-19,8.772567749023438,9.053512667820135,8.729977275381751,8.757374578300341,717320000,0
2020-05-20,8.936453819274902,9.00918076468276,8.855507491995708,8.957375191232693,587536000,0
2020-05-21,8.742432594299316,9.018645068450796,8.70482352920573,9.01764935553098,761068000,0
2020-05-22,8.992491722106934,9.058992601648548,8.680662615352317,8.792243249035216,1038764000,1
2020-05-26,8.685145378112793,9.147410726225075,8.63956681667973,9.122503655684598,770780000,0
2020-05-27,8.493366241455078,8.600463320422815,7.9668422615153345,8.592742746051654,1175892000,0
2020-05-28,8.455259323120117,8.727735931579467,8.347911415779148,8.38078798910941,734896000,-1
2020-05-29,8.842308044433594,8.842308044433594,8.453268327757645,8.522508388403205,745256000,1
2020-06-01,8.7733154296875,8.807686525942671,8.65700229460749,8.80021487896814,389876000,0
2020-06-02,8.792245864868164,8.804201072049278,8.625621649324913,8.763354985112674,391320000,0
2020-06-03,8.736702919006348,8.833091344234202,8.667462870934342,8.789256225705493,365440000,-1
2020-06-04,8.737699508666992,8.91386805618609,8.648991204630128,8.699325211141465,424280000,0
2020-06-05,8.89069652557373,8.967443234325534,8.679393084130725,8.76560908583008,481748000,0
2020-06-08,8.776073455810547,8.860544253093519,8.657214928312351,8.848085509142086,387736000,0
2020-06-09,9.016280174255371,9.079820998793462,8.722499271335058,8.771089034057965,468488000,0
2020-06-10,9.335975646972656,9.468788094666236,9.123426112419908,9.137630047390424,632180000,1
2020-06-11,8.767352104187012,9.230823645573384,8.757135687164366,9.11993921020311,583652000,-1
2020-06-12,8.903155326843262,9.157068687058095,8.674658491995896,9.132400237739253,570908000,0
2020-06-15,9.1436128616333,9.152085036791034,8.715025168093565,8.786291056153233,400004000,0
2020-06-16,9.03870677947998,9.236306235829865,8.809711897652152,9.19469344293352,535716000,0
2020-06-17,9.205658912658691,9.268451677844398,9.040452915462106,9.083810911090033,408304000,0
2020-06-18,9.187716484069824,9.252004437519501,9.08455614796191,9.196686741439816,254408000,0
2020-06-19,9.230823516845703,9.413969994218638,9.196935772316948,9.212135876739245,524160000,0
2020-06-22,9.495453834533691,9.499939439663825,9.242786607989723,9.269449295826174,398468000,1
2020-06-23,9.418953895568848,9.61082159286055,9.37659397631104,9.51962191479776,375108000,0
2020-06-24,9.205159187316895,9.525104713245367,9.11445759212739,9.445117618857322,449372000,0
2020-06-25,9.458820343017578,9.473771402658837,9.152081707683207,9.325011733648926,376072000,0
2020-06-26,9.124922752380371,9.46878958777205,9.095021577728417,9.46878958777205,592084000,-1
2020-06-29,9.16977596282959,9.174261567246987,8.870761332951616,9.139625743182323,342248000,0
2020-06-30,9.466548919677734,9.494954897992837,9.236058796542249,9.283402410581209,367892000,0
2020-07-01,9.498688697814941,9.544289001079408,9.382073476640645,9.489469400681928,326648000,0
2020-07-02,9.580672264099121,9.705510657234788,9.546783565117343,9.607333997458817,364056000,0
2020-07-06,9.806923866271973,9.876195501444966,9.68059029670261,9.70974434360956,315892000,0
2020-07-07,9.839319229125977,10.036917756201923,9.81838830952711,9.913574565553944,357800000,0
2020-07-08,10.182437896728516,10.191409105478023,9.932761115650374,9.960918049913765,365480000,0
2020-07-09,10.474472999572754,10.535272457666457,10.19987784530415,10.346146153732471,494548000,1
2020-07-10,10.44482421875,10.620245677843826,10.344654268209897,10.553964428188653,497676000,0
2020-07-13,10.019225120544434,10.756793760750423,9.992064356360784,10.560192374284812,457076000,-1
2020-07-14,10.342906951904297,10.368572511781375,9.753350002189828,10.041899106036565,542676000,0
2020-07-15,10.193649291992188,10.398722830247333,10.022712536124303,10.380035192296354,403984000,0
2020-07-16,10.101454734802246,10.173217745001248,9.862990558813213,9.982098125908408,344964000,0
2020-07-17,10.167984962463379,10.214830484976233,10.05460915949439,10.191906282585094,266284000,0
2020-07-20,10.476219177246094,10.496652011737252,10.1233820711901,10.240496356265767,284852000,1
2020-07-21,10.294568061828613,10.525308149375949,10.252955266756203,10.478461674152124,277036000,0
2020-07-22,10.404455184936523,10.56766690260036,10.257688779713293,10.333439305059624,367292000,0
2020-07-23,10.09647274017334,10.512351701734342,9.998296074196562,10.41567023734135,411660000,-1
2020-07-24,10.161005973815918,10.33069655717382,9.744878124933878,9.842555720418181,473292000,0
2020-07-27,10.387263298034668,10.407446141195411,10.184182053010103,10.198635033288873,292132000,0
2020-07-28,10.181939125061035,10.34789221759346,10.175710228370741,10.34016811954595,271636000,0
2020-07-29,10.431119918823242,10.481702980706977,10.313009443629682,10.356615531460488,284508000,0
2020-07-30,10.579130172729492,10.588100430153268,10.26142698106072,10.340915039427342,308880000,0
2020-07-31,10.579879760742188,10.731131814787535,10.398726524810586,10.528548622228614,386080000,0
2020-08-03,10.974080085754395,11.062289375342752,10.680049120459866,10.69724251295412,412720000,0
2020-08-04,11.190864562988281,11.190864562988281,10.870171883791201,11.013698870045127,310336000,0
2020-08-05,11.249667167663574,11.334387937767092,11.129563458827059,11.207058216136458,249924000,0
2020-08-06,11.298259735107422,11.320685854849678,11.14202497287641,11.31246272248456,244316000,1
2020-08-07,11.162707328796387,11.466954684500212,11.001239830042792,11.27533601596011,342516000,0
2020-08-10,11.128317832946777,11.37076853903549,10.82083110751174,11.297012256001894,427796000,0
2020-08-11,10.81435489654541,11.10016267764318,10.760282409156774,11.037368974633992,354512000,-1
2020-08-12,11.402667045593262,11.429328779045278,10.922250155475355,10.95464365307995,464412000,0
2020-08-13,11.405404090881348,11.683238681525856,11.318440992363485,11.508065374647796,374460000,0
2020-08-14,11.526009559631348,11.666297093001686,11.402915416624678,11.49212086252578,366436000,0
2020-08-17,12.296466827392578,12.368977899388444,11.77842481721311,11.812312555503244,621300000,1
2020-08-18,12.220468521118164,12.454946105530478,12.046542307651915,12.409096754213667,503448000,0
2020-08-19,12.098621368408203,12.274540878447802,12.05825378506346,12.256102280404066,622624000,0
2020-08-20,12.10111141204834,12.334342827188413,11.839723068799437,11.935657378647244,921388000,0
2020-08-21,12.64183235168457,12.766670742488705,12.155185624536907,12.161664514022654,999868000,0
2020-08-24,12.678459167480469,12.870077802503456,12.466407700415783,12.841421839181855,490564000,0
2020-08-25,12.708112716674805,12.719325301047373,12.532441290508038,12.589254189402922,289076000,0
2020-08-26,12.731037139892578,12.826223389970261,12.636099931621986,12.75720078775593,321244000,0
2020-08-27,12.586762428283691,12.807784169735637,12.525214885431776,12.739508696253512,317604000,-1
2020-08-28,13.104554176330566,13.104803218100614,12.600964151604,12.633357641991108,537160000,0
2020-08-31,13.330559730529785,13.530400544551487,12.994916057578646,13.139439180720887,500840000,0
2020-09-01,13.779712677001953,13.951946142353602,13.396360790385742,13.439730789751346,511316000,0
2020-09-02,14.303645133972168,14.682759244340765,13.858478124124495,14.659827233952877,874012000,1
2020-09-03,12.976621627807617,13.843025331300952,12.840279891466327,13.787441967935662,945128000,0
2020-09-04,12.584797859191895,13.13564735062594,11.66978875925159,12.745565379552463,1463684000,0
2020-09-08,11.877413749694824,12.512510995351848,11.669287553145319,11.69944678759346,795728000,-1
2020-09-09,12.677019119262695,12.770987310832087,12.195212021345103,12.362959524696853,736200000,0
2020-09-10,12.27497386932373,13.026223067344244,12.130655660062205,12.950449874656908,698684000,0
2020-09-11,12.12816333770752,12.61470553639161,11.86021593774041,12.44820456904525,636928000,0
2020-09-14,12.8337984085083,13.27522583003535,12.593519084805234,13.041925565935065,1201744000,0
2020-09-15,12.952195167541504,13.25902564618018,12.789432836907169,13.240331463550191,727556000,1
2020-09-16,12.477118492126465,13.053641174204953,12.476371143154827,12.918545962260684,556384000,0
2020-09-17,12.42626953125,12.552142668299084,11.998800238855086,12.096008838443781,792512000,0
2020-09-18,12.152839660644531,12.594765338345685,11.952939035287185,12.556131392172427,698460000,0
2020-09-21,12.479857444763184,12.485091738687508,11.868937851522867,11.889376794701304,721044000,0
2020-09-22,12.600001335144043,12.61022081017737,12.119192530019532,12.537438903227134,646452000,0
2020-09-23,12.087536811828613,12.688985441905816,12.043170331610272,12.537937263609473,647012000,-1
2020-09-24,12.311114311218262,12.531953054209632,11.978112382666597,12.036188807457405,731240000,0
2020-09-25,12.835294723510742,12.84501596453029,12.209171306298606,12.41031846374043,588016000,0
2020-09-28,12.996063232421875,13.012763533486964,12.711914702958431,13.001297527420926,573808000,0
2020-09-29,13.18624210357666,13.402593890332172,12.89461631388509,12.898853192345598,621460000,0
2020-09-30,13.490083694458008,13.581808890498191,13.110969555300997,13.118197731609422,689184000,0
2020-10-01,13.573830604553223,13.721637377178999,13.42053947052414,13.716902266258668,525004000,0
2020-10-02,13.023233413696289,13.479117258050469,13.012016522829573,13.185497525567968,552496000,-1
2020-10-05,13.601746559143066,13.603491323873763,13.183250238397193,13.196461007426237,479820000,0
2020-10-06,13.695466041564941,14.099755140576931,13.624179801694984,13.788686874789306,784420000,0
2020-10-07,13.922287940979004,14.077074742006564,13.822088037630643,13.957931540235233,418084000,0
2020-10-08,13.79741096496582,14.042427289964117,13.716902667061937,14.03295516619571,378900000,0
2020-10-09,13.721639633178711,13.782956477201752,13.619945027428178,13.725877463066608,346892000,0
2020-10-12,14.183502197265625,14.304141020417337,13.87093927022535,13.947708911780774,434744000,0
2020-10-13,14.205687522888184,14.305638298709242,13.976873269655819,14.253793587879533,344604000,1
2020-10-14,14.053145408630371,14.299905554881196,13.918299330296772,14.247811725098789,276100000,0
2020-10-15,13.928272247314453,13.963914900125252,13.726625883475952,13.769497664209721,267224000,0
2020-10-16,13.770242691040039,14.079317095516227,13.75129939348366,13.99482008081248,242392000,0
2020-10-19,13.457429885864258,13.941728103405332,13.366701165221105,13.861468922412797,298068000,0
2020-10-20,13.60473918914795,13.75852856761623,13.466652694794615,13.54292411787451,229212000,0
2020-10-21,13.484352111816406,13.750305679709681,13.437243450207614,13.5843029142852,219596000,0
2020-10-22,13.321090698242188,13.571091296191828,13.192226243674368,13.482108274250182,290480000,0
2020-10-23,13.549654006958008,13.552645304156187,13.251547375438108,13.409822748262625,233484000,0
2020-10-26,13.101996421813965,13.651849397272162,12.999553513534655,13.386893267496088,336896000,0
2020-10-27,13.356733322143555,13.40184809604685,13.152095681900734,13.266253707199537,250520000,0
2020-10-28,12.589280128479004,13.220389585926739,12.571334248485408,13.158574520220286,376520000,0
2020-10-29,12.985095977783203,13.153341711912574,12.71191428002789,12.800149943144369,320080000,0
2020-10-30,12.496560096740723,12.897856990701754,12.263258872527214,12.811616158245108,416820000,-1
2020-11-02,12.543169975280762,12.798404833311498,12.35797482933027,12.619939630643891,299652000,0
2020-11-03,12.980609893798828,13.06585426529699,12.565104792146153,12.670538995377685,272900000,0
2020-11-04,13.753045082092285,13.786196568161712,13.297161279467009,13.349255113539506,410228000,0
2020-11-05,14.11770248413086,14.296167693994366,13.949207631445907,14.120195548838295,319028000,0
2020-11-06,14.518501281738281,14.545170987329914,13.853493898559273,14.067601744643962,383348000,1
2020-11-09,13.590033531188965,14.647614991238628,13.570093767264419,14.509030256532114,582976000,0
2020-11-10,12.731854438781738,13.565854896982422,12.590527533848146,13.565854896982422,644068000,-1
2020-11-11,13.377920150756836,13.394869568890236,12.909572908495479,13.014757996625594,404744000,0
2020-11-12,13.416553497314453,13.72487962042422,13.276223997600011,13.438737209686394,365812000,0
2020-11-13,13.257281303405762,13.627920750775123,13.020241418155242,13.586544621522453,346312000,0
2020-11-16,13.474881172180176,13.608729865676828,13.11670415639651,13.133154392923817,413776000,1
2020-11-17,13.382153511047363,13.55563350791239,13.26400774947467,13.51201439243992,312028000,0
2020-11-18,13.38863754272461,13.565108878568495,13.145616019171882,13.425028492178553,510924000,0
2020-11-19,13.400102615356445,13.44721126806381,13.060868971282808,13.17328222556949,565936000,0
2020-11-20,13.048656463623047,13.454191200785738,13.025973567429416,13.413812488819989,341088000,0
2020-11-23,13.100749969482422,13.342524953407496,12.976621588446433,13.13190662289563,361356000,0
2020-11-24,12.919045448303223,13.122684736284453,12.846512661677767,13.10324320348425,346500000,-1
2020-11-25,13.195216178894043,13.229862361709015,12.981108321918962,12.99357079291506,259916000,0
2020-11-27,13.221637725830078,13.367451594590154,13.131159057880085,13.335048406996174,167276000,0
2020-11-30,13.361468315124512,13.372436088526035,12.9335007576213,13.225376645687131,286952000,0
2020-12-01,13.350004196166992,13.488339823743459,13.188736554940863,13.451948872652427,296948000,0
2020-12-02,13.504042625427246,13.632657010490643,13.194719067672823,13.310621864355456,283360000,0
2020-12-03,13.359930992126465,13.623220107578893,13.293111953614648,13.55091508657304,199520000,0
2020-12-04,13.521744728088379,13.523490008590343,13.352700758204879,13.412289485185315,202244000,0
2020-12-07,13.570111274719238,13.694276313294244,13.463649179605614,13.564626244098609,223244000,1
2020-12-08,13.314056396484375,13.562136387402267,13.245740310760366,13.548423332271,271920000,0
2020-12-09,12.895933151245117,13.37788163975025,12.833601435868163,13.264687602241741,401300000,-1
2020-12-10,12.937320709228516,13.033561267536681,12.814900946198128,12.83434917065444,207764000,0
2020-12-11,12.9782133102417,12.984945242979816,12.7884751461004,12.932336681868854,209264000,0
2020-12-14,13.272913932800293,13.352698442225064,13.042286805522245,13.052758486717757,270156000,0
2020-12-15,13.324527740478516,13.427748485122573,13.151245631264212,13.403563746810363,193016000,1
2020-12-16,13.206844329833984,13.401069790074672,13.17692442126804,13.386359025697105,223116000,0
2020-12-17,13.305327415466309,13.34347439206806,13.143015396942612,13.330758099129858,231384000,0
2020-12-18,13.236263275146484,13.36890457255971,13.035305907816458,13.342974558997565,342064000,0
2020-12-21,13.29635238647461,13.334000987593647,12.932584571882952,13.03954601291587,302332000,0
2020-12-22,13.242497444152832,13.301338599164437,13.018851407349192,13.28338741499722,185580000,0
2020-12-23,12.974218368530273,13.239252688223734,12.969980239029507,13.220303798178005,179144000,0
2020-12-24,12.958762168884277,13.09713864160341,12.903910910665946,13.002144985917322,97884000,0
2020-12-28,12.865267753601074,13.027330620228394,12.728886668754045,13.027330620228394,212564000,-1
2020-12-29,12.908400535583496,13.037303060291356,12.80767264131946,12.890200159923603,170372000,0
2020-12-30,13.11035442352295,13.178171170166523,12.86202527236656,12.955272704559913,225396000,0
2020-12-31,13.01984977722168,13.115591016138055,12.880226384175948,13.10113039211051,192424000,0
2021-01-04,13.078190803527832,13.615740025400568,12.927597356723487,13.068966021637818,560640000,0
2021-01-05,13.368657112121582,13.407302472036285,13.051762687944073,13.064478030942194,322760000,1
2021-01-06,12.580534934997559,13.209337125501545,12.552112068194326,13.18689766972291,580424000,-1
2021-01-07,13.308070182800293,13.341729841116257,12.851802529047573,12.932583806792925,461480000,0
2021-01-08,13.241002082824707,13.384863607308843,13.006884350512529,13.326521779999155,292528000,0
2021-01-11,13.584821701049805,13.92340796294475,13.326519279670418,13.3826174360871,518344000,1
2021-01-12,13.448441505432129,13.717465785050065,13.309068260271541,13.715470363600701,291476000,0
2021-01-13,13.49531364440918,13.588312829989961,13.348959290974944,13.453676107629107,210028000,0
2021-01-14,13.164706230163574,13.563130416335552,13.145009767302131,13.538447302511603,283120000,0
2021-01-15,12.824873924255371,13.289369568359072,12.813903862869852,13.192381442840862,277780000,-1
2021-01-19,12.990179061889648,13.058743377173263,12.809416519182339,12.981202518899085,226188000,0
2021-01-20,13.329761505126953,13.394336876836816,13.021593507664505,13.07644476713692,258572000,0
2021-01-21,13.830159187316895,13.961554529667763,13.21731381023558,13.3823678552318,337780000,1
2021-01-22,13.675578117370605,13.804480631139272,13.590557755615594,13.703004224602513,246820000,0
2021-01-25,13.616490364074707,13.791268582362697,13.200862448103909,13.744644381415306,251112000,0
2021-01-26,13.399072647094727,13.608007878931451,13.351450753678673,13.543930895082182,163980000,0
2021-01-27,12.88296890258789,13.197120336526261,12.759302228716475,13.194377345328904,371272000,-1
2021-01-28,13.015856742858887,13.303829862047177,12.925600557222289,12.961254679956221,228316000,0
2021-01-29,12.954774856567383,13.298846206386626,12.876735614077164,13.039795221041222,271552000,0
2021-02-01,13.201358795166016,13.235017502136003,12.868008340793473,13.018103404390654,217204000,0
2021-02-02,13.52025032043457,13.535458515911492,13.24972990674388,13.362675724709815,220440000,0
2021-02-03,13.49406909942627,13.894238606614207,13.480106855752563,13.599284306794123,245408000,0
2021-02-04,13.627459526062012,13.636684308573134,13.3018386846858,13.494568064385389,201340000,0
2021-02-05,13.55440616607666,13.700263114335508,13.509278061476316,13.688046150425723,169152000,0
2021-02-08,14.399871826171875,14.434777431390412,13.690287476293078,13.690287476293078,434624000,0
2021-02-09,14.224845886230469,14.543983966998393,14.184205105315854,14.302136605169043,287560000,0
2021-02-10,14.724496841430664,14.864867801501441,14.302885581394381,14.42430764598324,485352000,0
2021-02-11,15.209685325622559,15.231128020471543,14.884813043180692,14.939914444084707,450828000,0
2021-02-12,14.920964241027832,15.250075576024784,14.735215070429229,15.009475150330932,374756000,0
2021-02-16,15.288971900939941,15.331108771075836,14.909745776355733,15.023688331990344,321960000,1
2021-02-17,14.865863800048828,15.18250900428162,14.74020266811009,15.130149644495065,274756000,0
2021-02-18,14.78907299041748,14.833203381962377,14.535756230278762,14.689341862664408,233868000,0
2021-02-19,14.886311531066895,15.136136799537871,14.8067761927287,14.98404724530722,271724000,0
2021-02-22,14.317096710205078,15.092503415652395,14.286429231767997,14.734968210445974,325884000,0
2021-02-23,14.10391902923584,14.200408762334892,13.353444806853002,14.037348246694668,391780000,0
2021-02-24,14.4599609375,14.467690580363728,13.718961439777777,14.084724678061631,448320000,0
2021-02-25,13.271669387817383,14.336046063929711,13.180665611434383,14.007682236108677,824436000,-1
2021-02-26,13.677573204040527,13.817195635830556,13.325024661557736,13.715470041878904,500932000,0
2021-03-01,13.804479598999023,13.887505484201421,13.516756586694418,13.837639924881461,353184000,0
2021-03-02,13.370153427124023,13.883018601780469,13.359930934129926,13.862573615792273,264116000,0
2021-03-03,12.770273208618164,13.415281309667439,12.764288846423948,13.390099813568577,377592000,0
2021-03-04,12.33694076538086,12.940063005590508,12.051212237756168,12.766281601991693,573344000,0
2021-03-05,12.427948951721191,12.516210698049168,11.647804670384375,12.516210698049168,542840000,0
2021-03-08,11.562034606933594,12.437669835808746,11.535356070194894,12.416477281241482,543112000,-1
2021-03-09,12.49084758758545,12.587120409983385,12.030929765036829,12.101763126582322,521824000,0
2021-03-10,12.438970565795898,12.949518071359698,12.428245993141903,12.810345999896265,384376000,0
2021-03-11,12.962987899780273,13.015614616203285,12.70459626900852,12.919590101501337,299916000,0
2021-03-12,12.825810432434082,12.858483655591442,12.560435280974492,12.618547968351923,243964000,0
2021-03-15,13.160272598266602,13.175736267841275,12.737268498209911,12.834539384977663,221988000,0
2021-03-16,13.260037422180176,13.48076742613038,13.085946748883554,13.325133635235815,272128000,0
2021-03-17,13.309920310974121,13.421656807101401,12.958995974954899,13.009128022957645,243864000,1
2021-03-18,12.692622184753418,13.153038560381805,12.687135260856707,13.10565045243599,293896000,-1
2021-03-19,12.815584182739258,12.891156649154544,12.582882258581497,12.720059177066826,299208000,0
2021-03-22,13.155285835266113,13.363046869136511,12.876442148411773,12.882428576816894,297804000,0
2021-03-23,13.040055274963379,13.313161761620359,12.990671054992674,13.223123686816244,222048000,0
2021-03-24,12.613309860229492,13.128348149769211,12.60707510808042,13.120366563354045,245840000,0
2021-03-25,12.505812644958496,12.68489169587358,12.243181447543522,12.470147161467885,295144000,-1
2021-03-26,12.809100151062012,12.826060429118357,12.344444096114774,12.52501882364029,363968000,0
2021-03-29,12.91784381866455,13.0318257113899,12.670176769303595,12.79014413854927,273520000,0
2021-03-30,12.841523170471191,12.944780486955326,12.675164794869955,12.811843161738674,200204000,0
2021-03-31,13.316906929016113,13.438869474025383,12.952015446394338,12.98493795041153,314776000,0
2021-04-01,13.779315948486328,13.837428633427542,13.47952075210775,13.540378326389908,308276000,0
2021-04-05,13.954652786254883,13.98109030406936,13.70075005056824,13.834934701212315,255672000,0
2021-04-06,13.828949928283691,14.021247285946014,13.74115722627574,13.966875636926265,191744000,0
2021-04-07,14.110285758972168,14.210050348302799,13.679300107104046,13.848152176427948,251284000,0
2021-04-08,14.283378601074219,14.43751578364493,14.215537499466109,14.219279492238249,244416000,0
2021-04-09,14.366183280944824,14.374164867052535,14.141712232094443,14.180620204712,195172000,0
2021-04-12,15.173283576965332,15.316446916009982,14.106045892008561,14.256192762156132,869324000,0
2021-04-13,15.642678260803223,15.66313030176449,15.090228636123317,15.19573037905559,676212000,0
2021-04-14,15.24112606048584,15.68358417338725,15.191741835048305,15.58830843981458,385500000,0
2021-04-15,16.099355697631836,16.176174543167058,15.59479269878928,15.625720038310805,598480000,1
2021-04-16,15.875133514404297,16.12778893649542,15.827993724295668,16.015302699362998,335208000,0
2021-04-19,15.325675010681152,15.770378473292833,15.197227511913647,15.50001496525034,404420000,0
2021-04-20,15.13562297821045,15.460607402763602,14.927861975871348,15.287265504225546,334132000,0
2021-04-21,15.32442855834961,15.326423717038507,15.066784782879804,15.083245555639282,216776000,0
2021-04-22,14.815378189086914,15.402246992651268,14.748784409379738,15.338895702925118,277788000,-1
2021-04-23,15.229402542114258,15.298988579471885,14.865259906577531,14.899179508123058,227500000,0
2021-04-26,15.44165325164795,15.442651306791927,15.089482501049455,15.149342023817177,197796000,1
2021-04-27,15.34562873840332,15.633700354723333,15.318442441058986,15.541916393132006,164572000,0
2021-04-28,15.240875244140625,15.495776045491647,15.179769343819737,15.32841961480977,209416000,0
2021-04-29,15.288762092590332,15.400249314514156,15.03610669007181,15.363835052069922,173196000,0
2021-04-30,14.974254608154297,15.32892005243534,14.961784150637197,15.138868072545726,201912000,0
2021-05-03,14.801909446716309,15.210946506859448,14.752775448772729,15.089482529603162,203912000,0
2021-05-04,14.317546844482422,14.603124721663695,13.977348053602894,14.602875445776831,405324000,-1
2021-05-05,14.42454719543457,14.778714048157239,14.353713824890036,14.67445867543016,292024000,0
2021-05-06,14.488895416259766,14.53703230872678,14.184612294459988,14.461210566336748,193380000,0
2021-05-07,14.777467727661133,14.935595253298557,14.637297583950682,14.773477409774001,229328000,1
2021-05-10,14.232248306274414,14.771229410461338,14.216535362009177,14.752523252592804,268904000,0
2021-05-11,14.272652626037598,14.321038788865332,13.717709311727937,13.79253299041406,285584000,0
2021-05-12,13.726191520690918,14.226763272054539,13.677057522778034,13.97660155861911,303408000,0
2021-05-13,13.633159637451172,14.047684555705244,13.427393785260387,14.000794043152032,285404000,-1
2021-05-14,14.209551811218262,14.294352235526134,13.71621293372,13.8573811074486,258616000,0
2021-05-17,14.132233619689941,14.135974661011204,13.820966993683466,14.123753482025545,216980000,0
2021-05-18,13.98283576965332,14.370423641167854,13.971113142263782,14.233496008181893,186256000,0
2021-05-19,14.032720565795898,14.046438353806973,13.511447475679681,13.53464250646911,344000000,0
2021-05-20,14.57818603515625,14.64926868256999,14.23698913728333,14.268913581492626,321592000,0
2021-05-21,14.956543922424316,15.186253573106038,14.834581403727405,15.128139938116746,672992000,0
2021-05-24,15.575338363647461,15.708025457517751,15.140361412725197,15.176775675909605,554816000,0
2021-05-25,15.611005783081055,15.781354492246631,15.446143998949312,15.728978001330628,435408000,0
2021-05-26,15.663132667541504,15.756662521390002,15.54965027295146,15.697302499604442,370440000,0
2021-05-27,15.451627731323242,15.713012531445607,15.423693608606536,15.662880485803033,581476000,-1
2021-05-28,16.206350326538086,16.239273772555787,15.464597570582443,15.464597570582443,644536000,0
2021-06-01,16.22630500793457,16.349765085274548,15.865903423678555,16.23179288363082,472804000,0
2021-06-02,16.738849639892578,16.87902072588437,16.19737476490016,16.21408576604293,594168000,0
2021-06-03,16.929899215698242,17.21847129138276,16.544058155353124,16.66153180928474,580008000,0
2021-06-04,17.536970138549805,17.6195242253468,17.055353889049535,17.072312261295867,617120000,0
2021-06-07,17.57762336730957,17.77066947327341,17.152375810656235,17.529986933433783,575756000,1
2021-06-08,17.416006088256836,17.580119073947483,17.210488563686916,17.48609067722979,323848000,0
2021-06-09,17.32145881652832,17.537750510737887,17.219177055219557,17.478626213052866,381656000,-1
2021-06-10,17.38806915283203,17.454928494725102,17.13959823202485,17.313229247839505,287772000,0
2021-06-11,17.78746795654297,17.90122664018538,17.40677634605223,17.442450006436538,416308000,0
2021-06-14,17.980554580688477,18.00126064223166,17.62531020502997,17.868044477186118,321376000,0
2021-06-15,17.75078773498535,17.978055675419952,17.690416803610766,17.87702063266676,243032000,0
2021-06-16,17.772493362426758,17.91668776759478,17.547221960540842,17.75303587293319,307124000,0
2021-06-17,18.617700576782227,18.79507342417138,17.71861140852497,17.73682223567558,809656000,0
2021-06-18,18.599245071411133,19.333934506526916,18.54461067298054,18.744187532434825,968856000,0
2021-06-21,18.3881893157959,18.497208756661593,17.784970868678347,18.396171779438607,672384000,0
2021-06-22,18.846715927124023,18.923554282225197,18.347027754098903,18.43234723947505,580144000,0
2021-06-23,19.01685333251953,19.112151844778943,18.86767033492806,18.96745874513874,332356000,0
2021-06-24,19.1647891998291,19.37883494435877,19.047787296454818,19.186993162621945,320924000,0
2021-06-25,18.990665435791016,19.304499684885087,18.854455330590444,19.239636914325033,278364000,0
2021-06-28,19.942642211914062,20.03619350789944,19.27805343979919,19.320213570767862,495436000,0
2021-06-29,19.984304428100586,20.056150425285473,19.61533712836884,19.840359294024715,367632000,0
2021-06-30,19.960100173950195,20.11976086120901,19.821644213543898,19.956856941335825,326568000,0
2021-07-01,20.169157028198242,20.412639309870123,19.9765653336419,20.082341546483036,480136000,0
2021-07-02,20.443572998046875,20.461785729384548,20.244746081288724,20.396922977659543,342764000,0
2021-07-06,20.65462303161621,20.797818216251603,20.30711181481175,20.693539917909025,446708000,1
2021-07-07,20.328569412231445,20.830752832876307,20.288904519997132,20.809298770243622,418428000,0
2021-07-08,19.86056137084961,20.09032270700947,19.658989893200676,19.814410017857035,503300000,-1
2021-07-09,20.007749557495117,20.037686653137698,19.712377446383393,19.92018607462065,296624000,0
2021-07-12,20.469022750854492,20.489228245684924,20.144960188089478,20.197099348355565,321984000,1
2021-07-13,20.207073211669922,20.417875699703238,20.071361829855487,20.357253520802328,290708000,0
2021-07-14,19.799440383911133,20.37446895624048,19.710879577245972,20.31459667394377,380100000,0
2021-07-15,18.926050186157227,19.804934076686074,18.818528624972135,19.76975907894725,550564000,0
2021-07-16,18.12249755859375,19.116386304807843,18.0346847753706,18.990155309968003,688224000,-1
2021-07-19,18.739946365356445,19.001639510689028,17.82763283134469,17.87727866318357,749060000,0
2021-07-20,18.57254981994629,18.798070626527238,18.12549943914689,18.690299739516348,434687000,0
2021-07-21,19.36885643005371,19.4856090035134,18.702273121923145,18.84197575457192,371017000,0
2021-07-22,19.552465438842773,19.844843620586143,19.23513872825936,19.60036402572014,323826000,1
2021-07-23,19.51654624938965,19.658245470107445,19.209198509853447,19.614338106372017,195672000,0
2021-07-26,19.25309944152832,19.400784509953333,18.873903934371643,19.270063601319958,203943000,0
2021-07-27,19.167282104492188,19.58040404503774,18.70127111516232,19.22416048126887,248863000,-1
2021-07-28,19.461660385131836,19.604356922482342,18.95473775478679,19.278050388710913,202191000,0
2021-07-29,19.62032699584961,19.810922155638544,19.287033371825803,19.477628531614737,190781000,0
2021-07-30,19.457674026489258,19.58839499719101,19.222174148111407,19.37684442028431,183497000,0
2021-08-02,19.70813751220703,19.91869071403097,19.319962105150864,19.658244254511096,217444000,0
2021-08-03,19.772998809814453,20.179135683519704,19.179258809223505,19.698157025491106,301811000,0
2021-08-04,20.23102378845215,20.274931142504634,19.785968158812594,19.947625409514743,231309000,0
2021-08-05,20.59325408935547,20.689051264426222,20.29887933607092,20.456545361432738,211435000,1
2021-08-06,20.32282829284668,20.526396334843696,20.167158837590787,20.480494315594086,178497000,0
2021-08-09,20.251981735229492,20.464529594578934,20.100303496019695,20.402660738937794,146443000,0
2021-08-10,19.89374542236328,20.386697845698723,19.792957761357,20.27892695531917,179238000,0
2021-08-11,19.657241821289062,20.006500278263275,19.388812940997163,20.000512479255963,185925000,-1
2021-08-12,19.862810134887695,19.986545949880266,19.578414371896507,19.827884472997958,151652000,0
2021-08-13,20.14521026611328,20.171156132325986,19.80892466078818,19.862811057810926,183063000,1
2021-08-16,19.9077091217041,20.24399461499112,19.41176105844584,20.092316410666875,210876000,0
2021-08-17,19.41675567626953,19.728094613825263,19.226160548147817,19.643273795914716,204585000,0
2021-08-18,18.99964141845703,19.59238216691761,18.959725293725665,19.458665433034234,285913000,-1
2021-08-19,19.756038665771484,20.45156188349634,18.72223325484601,19.452682138145438,766555000,0
2021-08-20,20.771873474121094,20.820769388976355,19.890745868103814,19.948621577676363,675741000,0
2021-08-23,21.911457061767578,21.950373954123727,20.90559424051449,20.926549636652858,575807000,0
2021-08-24,21.74680519104004,21.912453690418516,21.48935264580462,21.706890967760486,297299000,0
2021-08-25,22.165916442871094,22.42237167258501,21.675957948050588,21.690925544839043,347701000,0
2021-08-26,22.021223068237305,22.292645868059488,21.74381246896601,22.15294323628419,237940000,0
2021-08-27,22.588022232055664,22.673840394927463,22.120016423838376,22.136980589947104,304722000,0
2021-08-30,22.63990592956543,22.994152947309,22.503197208707782,22.78160511732395,262580000,1
2021-08-31,22.341489791870117,22.650886701989464,22.077005489964968,22.650886701989464,259850000,0
2021-09-01,22.397380828857422,22.65288375278332,22.31354446734334,22.441295929306293,201767000,0
2021-09-02,22.352468490600586,22.549086081510215,22.251664973231776,22.47423109860129,187834000,0
2021-09-03,22.798599243164062,22.941320936100873,22.156849427126577,22.281606457901745,280532000,1
2021-09-07,22.617952346801758,22.854491200701247,22.478223171429327,22.78861950065067,198107000,0
2021-09-08,22.295576095581055,22.566049209455233,21.93427836820164,22.469237645153033,254434000,0
2021-09-09,22.133895874023438,22.49419427980308,22.08798575370628,22.268633710650217,196856000,0
2021-09-10,22.434307098388672,22.582018222817442,22.22671123348666,22.304558731004384,248376000,0
2021-09-13,22.10894012451172,22.91936198742503,21.81551099383179,22.639905581842193,297500000,-1
2021-09-14,22.198768615722656,22.36644134170752,22.043071697176153,22.231703513909125,199755000,0
2021-09-15,22.297574996948242,22.32352543494079,21.923303891252903,22.265637607115426,166538000,0
2021-09-16,22.198768615722656,22.23370043363617,21.884380350859733,22.13988327929112,156033000,0
2021-09-17,21.857431411743164,22.277612619303632,21.78756777908955,22.25665352950755,294503000,0
2021-09-20,21.071964263916016,21.391341986457622,20.621840643729975,21.104899163527943,349440000,-1
2021-09-21,21.2047061920166,21.38335723367458,20.90928197489874,21.375373361321564,204688000,0
2021-09-22,21.89835548400879,21.917317657113234,21.15480262749525,21.324472291848853,268726000,0
2021-09-23,22.43830108642578,22.491197565406008,21.847450823734473,22.096964887609527,248555000,1
2021-09-24,22.038076400756836,22.10594500833699,21.818504741267382,22.02709810332851,217655000,0
2021-09-27,21.617900848388672,21.756630623072077,21.283552877777023,21.667802905493215,245215000,0
2021-09-28,20.65876579284668,21.377367513543536,20.610858757648057,21.1727660577654,343069000,0
2021-09-29,20.47712516784668,20.97615341198247,20.427221201248095,20.899303397426493,218394000,0
2021-09-30,20.67573356628418,21.02505364612349,20.647788112188337,20.72763253869664,221009000,0
2021-10-01,20.701683044433594,20.81845429921632,20.163729270749435,20.70966691562185,240978000,1
2021-10-04,19.693649291992188,20.502074445309223,19.516993262994188,20.464148195395676,345635000,-1
2021-10-05,20.41124725341797,20.607864824431687,19.81540758911731,19.911221652962613,279282000,0
2021-10-06,20.659767150878906,20.679726831057735,20.04097137794133,20.08089454558181,297202000,0
2021-10-07,21.034038543701172,21.280558205670204,20.93123809902089,21.05100379615461,256919000,1
2021-10-08,20.790510177612305,21.164781290413057,20.73461926843348,21.059985835702765,151258000,0
2021-10-11,20.654775619506836,21.02206038251233,20.47113323800409,20.535009924932787,163388000,0
2021-10-12,20.630821228027344,21.01607063857458,20.488099527931197,20.787515655354703,162134000,-1
2021-10-13,20.89830207824707,20.949203548439566,20.672741500004108,20.877342985281015,180652000,0
2021-10-14,21.7037296295166,21.71271100803619,21.080942034994557,21.24661972370099,243589000,0
2021-10-15,21.81950569152832,21.888371817837406,21.619895579675383,21.76760671979113,226994000,0
2021-10-18,22.178808212280273,22.24767434372609,21.601930624730276,21.706727987684268,189494000,0
2021-10-19,22.24667739868164,22.335503212500797,21.99416887820326,22.232702766778203,161473000,0
2021-10-20,22.060039520263672,22.389398030310446,21.93927441597296,22.26164656222543,146276000,0
2021-10-21,22.647891998291016,22.666856072278105,22.040076484597826,22.054049211265685,187590000,0
2021-10-22,22.68182945251465,23.085043565786453,22.517151137325687,22.77864104460835,249384000,0
2021-10-25,23.120969772338867,23.309601567504238,22.725739617442876,22.92834413817605,230235000,0
2021-10-26,24.668956756591797,25.209904995015314,23.877498837400612,23.942373030271778,485898000,0
2021-10-27,24.403472900390625,25.0412307654121,24.234800774457163,24.426428909268584,245990000,0
2021-10-28,24.89252281188965,24.901506095509454,24.47533599861402,24.829645537475113,234204000,0
2021-10-29,25.517305374145508,25.659029569587442,24.951408004090574,24.952405512162027,292503000,0
2021-11-01,25.77680015563965,25.843669365378815,25.177965984908347,25.5991466338334,265740000,0
2021-11-02,26.34968376159668,26.626145786409708,25.7498520856629,25.77181058854264,294112000,0
2021-11-03,26.546300888061523,26.73194018116518,26.18400748882943,26.618161443808873,239910000,0
2021-11-04,29.743074417114258,31.304033544388947,27.065288978377676,27.176073281244893,1153631000,0
2021-11-05,29.694168090820312,31.338963477413824,29.352831919936655,30.1283219934152,851260000,0
2021-11-08,30.74412727355957,31.039551467751014,29.848869503912805,30.09039970844162,503101000,1
2021-11-09,30.597410202026367,32.24719897354787,29.905758328954708,32.21925352023755,646746000,0
2021-11-10,29.4017391204834,30.790036130161724,28.722063048254366,29.298940589292386,636206000,-1
2021-11-11,30.330930709838867,30.530542733677795,29.719123226217732,30.408780122519758,332172000,0
2021-11-12,30.330930709838867,30.620367954041175,29.572407684348825,29.951670148914516,413054000,0
2021-11-15,29.966636657714844,30.584432920167473,29.190149065446004,30.492612695096632,384909000,0
2021-11-16,30.1442928314209,30.33092962922338,29.648259120968326,29.70115750469505,264484000,0
2021-11-17,29.204124450683594,30.44969978297531,28.74402006456671,30.358875153931415,428508000,-1
2021-11-18,31.613431930541992,32.69632208138197,31.26011991579018,32.304088216967905,781711000,0
2021-11-19,32.9208869934082,33.02368742983558,31.842986287532256,32.18032865520123,533867000,1
2021-11-22,31.893884658813477,34.57965399197314,31.83799375290327,33.4518493719841,754335000,0
2021-11-23,31.68429183959961,32.29709865509112,30.819974059128263,31.47370154357631,532163000,0
2021-11-24,32.61048889160156,32.79113682471123,30.867882432908655,31.399847345189094,435162000,0
2021-11-26,31.4417667388916,32.64641947671285,31.28906425235593,32.5366326785244,283069000,0
2021-11-29,33.31112289428711,33.34705221663582,31.973727445585286,32.30308781622663,454964000,1
2021-11-30,32.61248779296875,33.28817388731255,31.80206767100546,33.1045296011115,622066000,0
2021-12-01,31.377737045288086,33.22836176904523,31.32283692941291,33.158489586612895,484368000,0
2021-12-02,32.06747817993164,32.41883815872118,30.968483947927016,31.157140743690952,472890000,0
2021-12-03,30.63709259033203,32.07047769659645,30.075116481664228,31.941711059402788,544325000,0
2021-12-06,29.98228645324707,30.185913423266676,27.986927203635197,29.82557094555036,658938000,-1
2021-12-07,32.36792755126953,32.389890643052695,30.595163727802525,30.900607963590335,593053000,1
2021-12-08,31.768028259277344,32.23118377085528,31.3637652927713,31.940713469994417,475551000,0
2021-12-09,30.434463500976562,32.14634175578324,30.372576157247455,31.67619708871225,488507000,0
2021-12-10,30.14299201965332,31.247975885971826,29.806605997188164,31.093257544767813,488825000,0
2021-12-13,28.109710693359375,30.23882726306302,28.06479257406922,30.193909143772864,598344000,-1
2021-12-14,28.28537940979004,28.62575782647064,27.200359664823036,27.6485411438237,667035000,0
2021-12-15,30.403518676757812,30.444444360950847,27.787292529334405,28.348269122536728,698297000,1
2021-12-16,28.33529281616211,31.103242571601943,28.04182961030161,31.095257722209322,707366000,0
2021-12-17,27.7503604888916,28.86931885324772,27.709434805708423,27.934025344259943,713758000,0
2021-12-20,27.668508529663086,28.09273361260145,27.095554688998547,27.255263089907647,461847000,-1
2021-12-21,29.02203941345215,29.06695752019476,27.35108698495158,28.322316101508555,524385000,0
2021-12-22,29.346446990966797,29.50116534107653,28.397179041320406,28.838375270706116,395184000,0
2021-12-23,29.586009979248047,30.004247393077023,29.377391039360283,29.70080027769527,343022000,0
2021-12-27,30.888633728027344,31.030375274637034,29.58601046614117,29.60597449329733,403686000,1
2021-12-28,30.26677131652832,31.27293474343665,29.95733458684706,31.254967879362315,420591000,0
2021-12-29,29.94635009765625,30.492354574379007,29.31250657529473,30.21785589086792,343139000,0
2021-12-30,29.5321102142334,30.40152399689202,29.486194474350164,29.772670461422774,308864000,0
2021-12-31,29.357431411743164,29.97530537868795,29.277577196340925,29.619952882629455,266530000,0
2022-01-03,30.066129684448242,30.655055049834928,29.730741324793883,29.76068736000601,391547000,1
2022-01-04,29.236644744873047,30.412498336921974,28.29735893405475,30.22184628756698,527154000,0
2022-01-05,27.553722381591797,29.362422293115806,27.482852553372545,28.89627192371204,498064000,0
2022-01-06,28.126672744750977,28.38619937836592,27.015701130720288,27.589652615169747,454186000,0
2022-01-07,27.197370529174805,28.37023146068801,27.007716072731807,28.089743152747793,409939000,-1
2022-01-10,27.350088119506836,27.41896267365965,25.597286309445213,26.53257975603974,594681000,0
2022-01-11,27.76633071899414,28.013880083162555,26.79011341199353,27.273231058770712,404089000,0
2022-01-12,27.948001861572266,28.542915045615825,27.557713300921407,28.015876891332525,383413000,1
2022-01-13,26.526592254638672,28.428120924939382,26.44973094755964,28.327305072130287,540171000,0
2022-01-14,26.892925262451172,27.147461852547423,26.162258231690252,26.25209445126841,395832000,0
2022-01-18,25.855815887451172,26.589477646628584,25.72305873433547,26.212165939162322,424270000,0
2022-01-19,25.021339416503906,26.494650686731937,25.006367348530603,26.031497074855327,488315000,0
2022-01-20,24.10601043701172,25.532408368979212,24.034141082261314,25.257909661766874,435181000,0
2022-01-21,23.3314266204834,24.777786785376342,23.220628737448923,23.46418379252261,718958000,0
2022-01-24,23.32942771911621,23.33741256836442,20.849953063353034,22.289325901497904,913982000,0
2022-01-25,22.28333854675293,22.90121248823554,21.95992927328255,22.504934318540393,664616000,0
2022-01-26,22.730520248413086,24.013179473462507,22.259379872780205,23.197668199419752,755959000,0
2022-01-27,21.904024124145508,23.9512883427806,21.63551316520698,23.525066177284856,573353000,-1
2022-01-28,22.79839324951172,22.81636010917041,21.257205280816873,21.97190057034506,543774000,0
2022-01-31,24.44139862060547,24.46435744178253,23.010010647578866,23.1397730138584,564680000,0
2022-02-01,24.59311866760254,25.09919506044467,23.84648016538628,25.05826938256264,518925000,0
2022-02-02,25.19602394104004,25.769975474149156,24.508277827684687,25.747018555149506,543419000,1
2022-02-03,23.904380798339844,25.0313241356802,23.736687526513133,24.41345210708109,410178000,-1
2022-02-04,24.274703979492188,24.59012838058224,23.58895505339578,23.928335906810663,354829000,0
2022-02-07,24.68295669555664,25.136128268103885,24.157913870021662,24.327604278168515,376868000,0
2022-02-08,25.06226921081543,25.184046746530655,23.936323440770618,24.31463285768811,410359000,0
2022-02-09,26.656356811523438,26.67632083848713,25.306820193092953,25.57532931141932,524282000,1
2022-02-10,25.776960372924805,26.875954707575385,25.55336936906097,25.94765032405226,513200000,0
2022-02-11,23.905380249023438,26.104368868030505,23.729702113886372,25.868798642216305,605472000,-1
2022-02-14,24.222797393798828,24.829689712177974,23.71172897587469,23.890403776889993,440424000,0
2022-02-15,26.44674301147461,26.49665118023949,24.738858974406003,24.903557454429787,699869000,0
2022-02-16,26.462709426879883,26.533581150068464,25.505456627808513,26.211169545948387,732676000,1
2022-02-17,24.462358474731445,25.738030371883664,24.12098239988401,25.583312031602375,810595000,0
2022-02-18,23.598936080932617,24.9404878356842,23.057923521612185,24.623066283551836,761255000,0
2022-02-22,23.347396850585938,24.02016901391986,22.958107805728666,22.993043904427417,633422000,0
2022-02-23,22.346223831176758,24.111005179639033,22.260381932288297,23.75864748812726,566511000,-1
2022-02-24,23.704744338989258,23.75664967134235,20.85195012786592,20.976722451568083,735801000,0
2022-02-25,24.112998962402344,24.17288914266841,23.33841333215444,23.67779419345299,528866000,0
2022-02-28,24.340579986572266,24.62007061792842,23.663815548616952,23.94829623416064,477319000,1
2022-03-01,23.434236526489258,24.332598722507477,23.089865620598573,24.2467549276186,412056000,0
2022-03-02,24.180002212524414,24.368691177995753,23.376333195498205,23.716769669293978,389642000,0
2022-03-03,23.67483901977539,24.28582786565828,23.430242778868017,24.22193247470261,365095000,0
2022-03-04,22.898122787475586,23.640893578473943,22.444872081015294,23.345382884792695,431415000,0
2022-03-07,21.316740036010742,22.994965806817614,21.294777005132957,22.77932098647633,450821000,-1
2022-03-08,21.478471755981445,22.336052458393485,20.615898244209568,21.273810368801453,557467000,0
2022-03-09,22.975994110107422,23.181653292570914,22.210260552846403,22.350028744404234,492742000,1
2022-03-10,22.620586395263672,22.750370891894033,21.845866808353023,22.493795299585567,428066000,0
2022-03-11,22.063505172729492,23.106779570504905,22.00959349346006,22.983981591812924,367209000,0
2022-03-14,21.29477882385254,22.225239069437492,21.124061659342704,21.832888359908207,385354000,-1
2022-03-15,22.935062408447266,22.999955601888228,21.286789766958282,21.48246524329248,491996000,0
2022-03-16,24.455543518066406,24.556376542287087,23.133730786135207,23.46118818879668,671422000,0
2022-03-17,24.72509765625,24.800970445057875,23.86651740778706,24.08016466989438,471941000,0
2022-03-18,26.409313201904297,26.52512276051768,24.58333514335811,24.758045377216146,730719000,0
2022-03-21,26.689849853515625,27.107160727661043,25.924116304309262,26.463225444702292,591727000,0
2022-03-22,26.48019790649414,27.193019493440183,26.028944683421926,26.682861784708894,547007000,0
2022-03-23,25.591665267944336,26.568048800007624,25.532762693415638,26.082851386235586,502120000,-1
2022-03-24,28.1035099029541,28.273229224175154,25.86421418628623,26.122787224780186,877379000,0
2022-03-25,27.646268844604492,28.31116937725865,27.225964556594754,27.839948716581148,579016000,0
2022-03-28,28.172395706176758,28.203344646253708,27.161068205368995,27.710161013567436,425494000,0
2022-03-29,28.608675003051758,28.89819508039795,27.933790817045423,28.647610153117842,488984000,1
2022-03-30,27.64427375793457,28.448942500082115,27.457582292215672,28.257260129122102,463487000,0
2022-03-31,27.240936279296875,28.201347422929302,27.22496386116162,27.736117421263867,523440000,0
2022-04-01,26.66788673400879,27.45059240423101,26.223621927715985,27.329791938552983,517235000,0
2022-04-04,27.314815521240234,27.51248847819135,26.569049452024597,26.68385930081857,397120000,0
2022-04-05,25.888174057006836,27.273882227541836,25.77735731536666,27.208989043502463,436615000,0
2022-04-06,24.36669158935547,25.258216455379504,23.963359462965737,24.892821678875816,703833000,0
2022-04-07,24.168020248413086,24.681171307510272,23.43922631315806,24.400635246810964,557992000,0
2022-04-08,23.08082389831543,23.883497134746733,23.02391881253818,23.877506524391517,524781000,0
2022-04-11,21.880807876586914,22.283142273490554,21.62423229582705,22.17731831863499,575207000,0
2022-04-12,21.46848487854004,22.687469011899285,21.24685139974745,22.499779776636807,662258000,0
2022-04-13,22.166332244873047,22.46284265142002,21.419568327663896,21.692118201146528,516943000,0
2022-04-14,21.22289276123047,22.73938520439424,21.12805033509886,22.46783313614378,569097000,-1
2022-04-18,21.747028350830078,22.05152307223847,21.044190468954255,21.16499093817341,525701000,0
2022-04-19,22.161338806152344,22.33604902289775,21.278798001081928,21.68412760812982,512781000,0
2022-04-20,21.446523666381836,22.632561456576205,21.16498978967486,22.479814251969298,468974000,0
2022-04-21,20.14967155456543,22.35502337738255,19.966973186268188,21.673150679428606,656209000,0
2022-04-22,19.482770919799805,20.452168011025645,19.467796301219373,20.26946966670985,624713000,0
2022-04-25,19.86913299560547,19.912061251453245,19.0644643191004,19.170288258529265,641566000,0
2022-04-26,18.75697135925293,19.755319839805292,18.63916620808057,19.685435750838405,653143000,0
2022-04-27,18.38459014892578,19.135347189747915,18.25979657551477,18.567286599843538,499460000,-1
2022-04-28,19.749326705932617,20.003906602275418,18.45946081677765,18.935672265136503,570327000,0
2022-04-29,18.516372680664062,20.09476121936068,18.486421536646326,19.36996029108147,500435000,0
2022-05-02,19.50074005126953,19.541670796677515,18.360625991565414,18.510377869263486,572049000,0
2022-05-03,19.56962776184082,19.792260968432522,19.101402424190688,19.367961687811373,475751000,0
2022-05-04,20.30042266845703,20.366313669267903,18.720036449314676,19.8901020420163,648855000,1
2022-05-05,18.81287956237793,19.89209369873995,18.469447805157312,19.834190824555343,626331000,0
2022-05-06,18.644155502319336,19.47977300173332,17.960287385383033,18.705055576986823,633297000,0
2022-05-09,16.922006607055664,18.22484970535877,16.79920865366026,18.00421593681167,644455000,0
2022-05-10,17.56594467163086,18.167949576878332,16.996886217929802,17.659789312225115,761474000,0
2022-05-11,16.602535247802734,17.723681745955233,16.540639268818456,17.318352104897787,670167000,0
2022-05-12,16.14828872680664,16.76027732040371,15.54129389493355,16.192216692187195,708728000,-1
2022-05-13,17.676761627197266,17.898395162592152,16.56560054932208,16.760278243017794,670437000,0
2022-05-16,17.235488891601562,17.75862368678509,17.077750784212707,17.48008511831433,521446000,0
2022-05-17,18.14698028564453,18.34066013363728,17.604877794636984,18.04414975285288,585830000,1
2022-05-18,16.910030364990234,18.0880821606439,16.836153153733687,17.67576403216512,545161000,0
2022-05-19,17.095720291137695,17.65779022337762,16.70636308062832,16.909028847119362,621310000,0
2022-05-20,16.66643524169922,17.381252592034105,15.72898558165862,17.303382268571585,739105000,0
2022-05-23,16.870098114013672,16.887070241022247,16.152285490482384,16.24712793746053,639889000,0
2022-05-24,16.127321243286133,16.569590427639596,15.753939302314066,16.482734213457583,588550000,-1
2022-05-25,16.94696617126465,17.08274124738271,15.97357600275692,15.99354342976804,781132000,0
2022-05-26,17.821523666381836,18.06212494223774,15.995543299888189,16.00952012168729,996575000,0
2022-05-27,18.779932022094727,18.849816103365445,18.070105888819395,18.155964290465594,738379000,0
2022-05-31,18.64116668701172,19.168294646988997,18.31969792226833,18.948656727532523,664100000,0
2022-06-01,18.28974723815918,19.021536611568727,18.09207424818962,18.69308133274079,544514000,0
2022-06-02,19.55964469909668,19.58660053766134,18.167947658558926,18.261792289244305,648656000,1
2022-06-03,18.6890811920166,19.30007182396712,18.491408256320433,19.05048472624372,598779000,0
2022-06-06,18.754972457885742,19.305063023804752,18.533338989843504,19.10739008508047,422406000,0
2022-06-07,18.894744873046875,18.96862207015749,18.157962789586147,18.441494168181833,388914000,0
2022-06-08,18.621139526367188,19.152372804754865,18.508301426768817,18.77192109157783,363252000,0
2022-06-09,18.022001266479492,18.905726607186626,18.015011380811767,18.45437807155565,395574000,0
2022-06-10,16.949552536010742,17.671510740907465,16.84470232459891,17.574650332348853,465248000,0
2022-06-13,15.624465942382812,16.288508189966542,15.583524623747843,15.976957249341732,604153000,0
2022-06-14,15.813190460205078,16.04285871390006,15.38980044565933,15.708341205730797,469680000,0
2022-06-15,16.503198623657227,16.843707127190637,15.903063385254484,16.071819667773564,563936000,0
2022-06-16,15.578529357910156,15.919038764012152,15.37881761291084,15.837156139106822,545749000,-1
2022-06-17,15.857126235961914,15.971960359046658,15.305921302394394,15.625460063082594,630334000,0
2022-06-21,16.542139053344727,16.983501852392877,16.38336767373331,16.451270521864426,483089000,0
2022-06-22,16.33643913269043,16.638004241604527,16.156698061806285,16.202631340813966,437135000,0
2022-06-23,16.20163345336914,16.561113693283527,15.830168507215786,16.495208760429026,463680000,0
2022-06-24,17.10133171081543,17.115311484717584,16.28650706625883,16.476233929646163,472153000,1
2022-06-27,16.844701766967773,17.305038195164876,16.602051748038424,17.28706447239258,427968000,0
2022-06-28,15.958979606628418,17.177221612283553,15.922032246873021,16.875656572494353,461149000,0
2022-06-29,15.519614219665527,15.797213686234363,15.148150281179245,15.7912227624591,482352000,0
2022-06-30,15.137166976928711,15.54457932929149,14.840594812861,15.33887570229777,686070000,0
2022-07-01,14.502080917358398,15.041303066342433,14.371270043261264,14.877539732875723,577610000,-1
2022-07-05,14.942447662353516,14.949437550043237,14.034757416999662,14.154584471238092,651397000,0
2022-07-06,15.108206748962402,15.296934641459803,14.767697371772694,14.988379712137199,529066000,0
2022-07-07,15.83515739440918,15.92203196996531,15.366833095238492,15.433736974677423,492903000,1
2022-07-08,15.815187454223633,16.013901175356242,15.366833829739814,15.407775139572864,467972000,0
2022-07-11,15.13017463684082,15.504634465828993,15.016338528855416,15.503635502509574,437321000,0
2022-07-12,15.060275077819824,15.408772341747861,14.85557044400225,15.246007026649878,458483000,-1
2022-07-13,15.142155647277832,15.352852141295745,14.444163158796897,14.568983094904992,521918000,0
2022-07-14,15.34985637664795,15.45071071855405,14.706784005249,15.08623672956644,456235000,0
2022-07-15,15.739296913146973,15.759267610476122,15.422753123079167,15.63644558399528,385935000,0
2022-07-18,16.077808380126953,16.87266137055177,15.97895195225039,16.27851907838697,670517000,0
2022-07-19,16.9675235748291,17.085353626107096,16.148705090924686,16.46225195061646,702366000,0
2022-07-20,17.78135108947754,17.907170962828168,16.776801457153745,16.92259107622547,760538000,0
2022-07-21,18.02400016784668,18.117864633894918,17.519728403683327,17.859238822871024,557049000,1
2022-07-22,17.29405403137207,17.94111946651388,17.112315071094837,17.867226650028243,536671000,0
2022-07-25,16.999475479125977,17.099331800550864,16.62501570223333,16.99448161552423,480748000,0
2022-07-26,16.509187698364258,16.894631404697474,16.454266612677664,16.86467392943168,397865000,-1
2022-07-27,17.764375686645508,17.910165292626324,16.888638135113293,17.007466206039837,569776000,0
2022-07-28,17.958097457885742,18.11387291307201,17.414882244047863,17.94911154782976,474646000,0
2022-07-29,18.136837005615234,18.217719703529824,17.66651479253147,17.787340786197223,435460000,0
2022-08-01,18.414440155029297,18.818857535494043,17.964089498853447,18.155812405222676,476469000,0
2022-08-02,18.49931526184082,18.910722495389777,18.065940355800908,18.09589783114426,489527000,0
2022-08-03,18.86578369140625,18.940676413397988,18.110872215029424,18.15780539379247,418146000,0
2022-08-04,19.18732452392578,19.246239560652153,18.73297994285984,18.821852455830648,409652000,1
2022-08-05,18.961652755737305,19.20130688415932,18.63911797935328,18.782909694565802,386068000,0
2022-08-08,17.767372131347656,18.212730811911012,17.21716704327838,17.47679279559304,981859000,0
2022-08-09,17.06138801574707,17.42186805528324,16.69990996523854,17.22714925801154,668263000,-1
2022-08-10,18.070934295654297,18.09190395710125,17.292057074907298,17.672508823560776,597422000,0
2022-08-11,17.91615867614746,18.68005818878467,17.85025374712867,18.10488755287494,509327000,0
2022-08-12,18.682050704956055,18.691038518199683,17.927139148933303,18.13384171212563,478094000,0
2022-08-15,19.004587173461914,19.136397019049713,18.586191952825764,18.674064548350493,457666000,1
2022-08-16,18.851806640625,19.114428306370357,18.474350847959357,18.89274795043341,451240000,0
2022-08-17,18.308591842651367,18.661084069353507,18.11886686415246,18.496322703330605,446799000,0
2022-08-18,18.745960235595703,18.837826774842014,18.156809914555318,18.274639978763396,415447000,0
2022-08-19,17.823291778564453,18.49332481845139,17.74440509539468,18.379488700573745,441588000,0
2022-08-22,17.00946807861328,17.532713582933447,16.94156521970235,17.464810724022517,409593000,-1
2022-08-23,17.156251907348633,17.439843224344006,16.94555539401324,16.964529031670615,369986000,0
2022-08-24,17.19719696044922,17.38093197849024,16.870668241762502,16.98749841250807,522661000,0
2022-08-25,17.887197494506836,17.92114891568409,16.808753246519775,16.819737081700367,770691000,1
2022-08-26,16.236576080322266,17.898178480850028,16.213608497981333,17.83127556477988,769127000,0
2022-08-29,15.778241157531738,16.314467408978906,15.744290684529716,15.996926542786321,496132000,0
2022-08-30,15.445719718933105,16.015896375666905,15.160131432747091,15.937010650215527,530181000,0
2022-08-31,15.072257995605469,15.517615662367046,14.937452225253965,15.361840232489836,573710000,0
2022-09-01,13.916926383972168,14.359288157443446,13.250887267454193,14.18853397404984,1178865000,0
2022-09-02,13.627344131469727,14.150588613954735,13.571424081427226,14.079691730632515,743157000,0
2022-09-06,13.445605278015137,13.759153124531602,13.331769162696869,13.711221928123773,535751000,-1
2022-09-07,13.69831657409668,13.822175317795232,13.330737384228483,13.547489233117243,512657000,0
2022-09-08,13.973999977111816,13.991979993276425,13.353710852564674,13.443607123053166,624873000,0
2022-09-09,14.3705472946167,14.457447695839932,14.109846090947006,14.140809824331798,486612000,0
2022-09-12,14.488412857055664,14.530364644872812,14.18176376823684,14.352568700528598,484159000,1
2022-09-13,13.115981101989746,13.906076768617028,13.08401811321921,13.786214131852185,714956000,0
2022-09-14,13.112987518310547,13.274801963334136,12.898233232691052,13.23884288024543,588507000,0
2022-09-15,12.914214134216309,13.217866376931088,12.775373157326715,13.000116225535464,523625000,-1
2022-09-16,13.182906150817871,13.196890078847183,12.602570279850505,12.727427324445726,670751000,0
2022-09-19,13.36669635772705,13.447604054078598,12.995122034823089,12.997119602836856,569685000,1
2022-09-20,13.160932540893555,13.467581638390664,13.042069138714428,13.19988845395747,524818000,0
2022-09-21,13.245833396911621,14.014953223888158,13.095006069075334,13.197888910617825,807679000,0
2022-09-22,12.546635627746582,13.133963512349506,12.413788300244406,13.055053381017045,759162000,0
2022-09-23,12.501686096191406,12.596577717875299,12.242982472153528,12.405796166827699,663309000,0
2022-09-26,12.21401596069336,12.644523785356407,12.200032031813773,12.476715686217661,547343000,0
2022-09-27,12.3988037109375,12.721434259281974,12.243981246761177,12.492696068633686,553854000,0
2022-09-28,12.721435546875,12.808335949550742,12.339872421294748,12.395808137484426,542414000,1
2022-09-29,12.206025123596191,12.485704640827295,11.932338310214531,12.433764063797438,532763000,0
2022-09-30,12.125118255615234,12.618553771004274,12.06119131394908,12.073177675047967,565638000,-1
2022-10-03,12.49769115447998,12.663501679937102,12.091156065318172,12.332879889301863,547478000,0
2022-10-04,13.151942253112793,13.204882092806615,12.864271498472437,12.864271498472437,584182000,0
2022-10-05,13.193893432617188,13.305765810978043,12.606566542119614,12.896234851471691,507131000,1
2022-10-06,13.114982604980469,13.640381012464916,13.088013059620748,13.204879819401478,644157000,0
2022-10-07,12.062189102172852,12.6555096175301,12.00825096010252,12.4906983632642,672478000,0
2022-10-10,11.656654357910156,12.110134687053332,11.394953895179079,12.023234286244145,698699000,0
2022-10-11,11.572750091552734,11.832452018105652,11.270096168446733,11.54777811129904,667482000,0
2022-10-12,11.486846923828125,11.721577800645838,11.332024471143402,11.565757040394997,492590000,0
2022-10-13,11.94632339477539,12.064188488476074,10.800634713590224,10.958454027905521,850103000,0
2022-10-14,11.214159965515137,12.097148763311685,11.19118650675513,12.043210621943858,713432000,-1
2022-10-17,11.87440299987793,11.93433479585558,11.503827982743358,11.504826290335897,580774000,0
2022-10-18,11.953313827514648,12.477713024942323,11.604712987742495,12.329882522874023,659362000,0
2022-10-19,12.037217140197754,12.335875918736503,11.820465311388295,11.86541392194289,523131000,0
2022-10-20,12.180054664611816,12.754396879534767,12.091155747711756,12.09914697198284,652398000,0
2022-10-21,12.451742172241211,12.483706114735975,11.873404857768438,12.08416302534478,609494000,0
2022-10-24,12.584589004516602,12.69546210159902,12.050201099969284,12.493693488298955,517457000,0
2022-10-25,13.245833396911621,13.284789304145429,12.649516049354125,12.679482424944323,505482000,0
2022-10-26,12.88125228881836,13.372689273585683,12.693467556378188,12.854283691329806,532953000,0
2022-10-27,13.160932540893555,13.822176181940666,13.106994390375935,13.614413852489822,583113000,0
2022-10-28,13.818178176879883,13.834160625070403,13.04606246592636,13.089013509344072,521040000,1
2022-10-31,13.48156452178955,13.822175109237515,13.281793433045827,13.762243306322553,486341000,0
2022-11-01,13.527511596679688,13.909074687035073,13.50353887693043,13.795204744517916,432817000,0
2022-11-02,13.20388126373291,14.193748030149589,13.195890992521164,13.834160105863875,672628000,-1
2022-11-03,13.405649185180664,13.76523804286024,12.941181831650457,13.028082218234076,500065000,0
2022-11-04,14.139811515808105,14.212727988213533,13.681335835572494,13.970005849436946,612576000,0
2022-11-07,14.28464412689209,14.39551724133916,13.938041808372441,14.211727659965966,410061000,0
2022-11-08,14.58530044555664,14.873969484484578,14.199741267581862,14.784072261886399,595292000,0
2022-11-09,13.760246276855469,14.194749245388879,13.743265519316347,14.14580454084958,454414000,-1
2022-11-10,15.731987953186035,15.754961413638826,14.530363661889993,14.783074584621708,700819000,0
2022-11-11,16.308324813842773,16.370254172479555,15.464292012164854,15.788920086085863,655487000,0
2022-11-14,16.2763614654541,16.52108206686752,15.903787966983026,16.199449875205215,527852000,0
2022-11-15,16.646942138671875,16.978561310018254,16.363266507577773,16.702877856605785,545876000,1
2022-11-16,15.891804695129395,16.343287439083888,15.854847306643538,16.143517308173692,649547000,0
2022-11-17,15.659071922302246,16.24739904652719,15.517234114515407,15.697028572418933,710894000,0
2022-11-18,15.391377449035645,15.983699658999894,15.102707461635465,15.947739627372425,492072000,0
2022-11-21,15.299483299255371,15.459300164906633,15.062753876386287,15.129677641354991,404739000,-1
2022-11-22,16.0196590423584,16.03963662758918,15.104706214596387,15.310470960588445,472866000,0
2022-11-23,16.500104904174805,16.508097079885168,16.02964486180508,16.079586910451425,427241000,1
2022-11-25,16.25139617919922,16.468147100964106,16.15350866614411,16.299341627886353,167934000,0
2022-11-28,15.80889892578125,16.33829347076689,15.70701629565095,16.00767074262559,303741000,0
2022-11-29,15.621113777160645,15.913778897103128,15.502250394430199,15.808898489169126,298384000,-1
2022-11-30,16.907970428466797,16.914964181032015,15.583147881912108,15.68305849672562,565298000,0
2022-12-01,17.119781494140625,17.249665193995767,16.62022557743616,16.98390260494698,470977000,1
2022-12-02,16.861011505126953,16.917961995078077,16.43039452961162,16.644205172795033,371389000,0
2022-12-05,16.595251083374023,16.979909435612054,16.45737313825051,16.66419005593578,352255000,0
2022-12-06,15.972803115844727,16.55828220439157,15.804952088174314,16.515321122565265,352694000,-1
2022-12-07,16.105682373046875,16.17162373381162,15.653083725365772,15.75799095539726,372388000,0
2022-12-08,17.15375328063965,17.16374462857711,15.944826859373718,16.25854908651471,515456000,0
2022-12-09,16.985898971557617,17.56738276437622,16.959922995009748,17.144758142343576,465338000,0
2022-12-12,17.519426345825195,17.522423940579902,16.78208282842497,17.02186944660051,457328000,0
2022-12-13,18.05594825744629,18.773310913845528,17.695268850553347,18.51454019010248,656589000,1
2022-12-14,17.65830421447754,18.235791937239984,17.404530071372026,17.971025977289464,496888000,0
2022-12-15,16.93694305419922,17.304616230476075,16.6851679759373,17.130770989108214,478542000,0
2022-12-16,16.556285858154297,17.025869767688917,16.395429510336715,16.849026879155286,478232000,0
2022-12-19,16.23956298828125,16.594247221687603,16.130660548556378,16.557281335013183,354039000,0
2022-12-20,16.070716857910156,16.295517456563115,15.837924894780858,16.049735595746217,403260000,0
2022-12-21,16.486347198486328,16.612236672163878,16.08770132742655,16.09969170856488,325025000,0
2022-12-22,15.32537841796875,16.12366962981493,14.868784463917573,16.07970807761634,565045000,0
2022-12-23,15.192495346069336,15.325376644787509,14.869782259429021,15.182503998741366,349326000,0
2022-12-27,14.10845947265625,15.086590117215547,14.04351666537455,15.06061318486834,464902000,0
2022-12-28,14.023533821105957,14.249332925759484,13.871668396905829,13.914630426417947,351066000,-1
2022-12-29,14.590031623840332,14.669960504329158,14.214366076108336,14.389210859487921,354923000,0
2022-12-30,14.601021766662598,14.61600783549669,14.220359610776864,14.321269745946209,310490000,0
2023-01-03,14.302285194396973,14.982681048455165,14.083479844395763,14.83780937810625,401277000,0
2023-01-04,14.735901832580566,14.83980956745862,14.22835353833652,14.554064249371384,431324000,0
2023-01-05,14.252331733703613,14.55106598124575,14.135435060959392,14.478130857579426,389168000,-1
2023-01-06,14.845803260803223,14.996669173791805,14.021536170907764,14.46114496790957,405044000,0
2023-01-09,15.614120483398438,16.041739858471093,15.127552540225734,15.27042613908939,504231000,0
2023-01-10,15.894871711730957,15.947824139665439,15.458259534317742,15.493228298581526,384101000,0
2023-01-11,15.986787796020508,16.01376424221786,15.549177090180791,15.82593149314411,353285000,0
2023-01-12,16.496334075927734,16.622221609826266,15.478239131308847,16.085699840694257,551409000,0
2023-01-13,16.88399314880371,16.906973440367825,16.150645718524004,16.26354433312093,447287000,0
2023-01-17,17.686279296875,17.712257183113643,16.883992908954816,16.883992908954816,511102000,0
2023-01-18,17.361570358276367,17.857128303594102,17.266653496873438,17.651311852780974,439624000,0
2023-01-19,16.750106811523438,17.18172417292038,16.71613852346641,17.020865987047628,452932000,-1
2023-01-20,17.823156356811523,17.840141455842918,16.81005703807903,16.995890753129473,564967000,0
2023-01-23,19.17595863342285,19.2279125064766,17.802179545686606,18.047959497387954,655163000,0
2023-01-24,19.24789047241211,19.477687661634242,18.803285974223765,18.810279727152732,496204000,0
2023-01-25,19.30584144592285,19.35280059491453,18.5635011872948,18.896205671677528,449537000,0
2023-01-26,19.784414291381836,20.148091350518563,19.260879477450576,19.68350415512984,489535000,0
2023-01-27,20.346912384033203,20.609679285685996,19.3877659327664,19.444714514869208,542142000,0
2023-01-30,19.144983291625977,20.12211348530926,19.132992911894107,19.932283592332396,488611000,-1
2023-01-31,19.519651412963867,19.669517828864823,18.933172787295593,19.15297673690667,498017000,0
2023-02-01,20.924400329589844,21.173177824154312,19.593582609656906,19.673511481668655,660477000,0
2023-02-02,21.68971824645996,21.92950485581923,20.681615543023483,20.981348328308925,564276000,0
2023-02-03,21.081260681152344,21.725688289860823,20.770536068653296,20.98134911376539,429366000,0
2023-02-06,21.070274353027344,21.550846234436474,20.767542004641438,20.78752470264707,452197000,0
2023-02-07,22.153308868408203,22.239232935371913,21.13121666091227,21.363010976269244,664150000,0
2023-02-08,22.185279846191406,22.857682495830595,21.988454297175736,22.367117420738296,559651000,0
2023-02-09,22.317161560058594,22.999555526039853,22.10035523115799,22.585923657185848,523876000,0
2023-02-10,21.246112823486328,22.058390480944603,20.792517477854553,21.67073650199082,550737000,-1
2023-02-13,21.768648147583008,22.02841744596163,20.94338158194869,21.51887019594832,474919000,0
2023-02-14,22.950597763061523,23.028527599015316,21.347021880342634,21.558833474621213,675474000,1
2023-02-15,22.74378204345703,22.834700825235142,22.08636740802222,22.528972843717096,420575000,0
2023-02-16,21.982458114624023,22.529969797888562,21.90752396912448,22.1133403700295,412026000,0
2023-02-17,21.36900520324707,21.72069186561659,20.956371893451113,21.611789418600182,465888000,0
2023-02-21,20.636655807495117,21.474909439572844,20.599688013751237,20.981348707366188,410015000,-1
2023-02-22,20.73556900024414,21.08525856184471,20.40286453988305,20.688611760297764,513184000,0
2023-02-23,23.642982482910156,23.866784468278883,23.004550068861985,23.419182403196057,1117995000,1
2023-02-24,23.26531982421875,23.453154499296485,22.92662208252436,23.204375078577097,589716000,0
2023-02-27,23.48012924194336,23.858792378976418,23.433172002016676,23.64897978549694,452994000,0
2023-02-28,23.19538116455078,23.803841462170766,23.18538981700552,23.351242756078413,455963000,0
2023-03-01,22.677841186523438,23.23534617422928,22.488009397581543,23.1714019321177,460026000,-1
2023-03-02,23.29329490661621,23.359236279299715,22.412078207513495,22.46803013779007,389415000,0
2023-03-03,23.868783950805664,23.878775299015683,23.109458637737486,23.299290442418233,412393000,0
2023-03-06,23.5330810546875,24.22646300760653,23.46613922004969,23.869781636929048,437429000,0
2023-03-07,23.271268844604492,24.10766739527253,23.224301727377593,23.583044962685058,515154000,0
2023-03-08,24.16362762451172,24.182614980874536,23.407171499495316,23.470125964528833,513573000,1
2023-03-09,23.41916275024414,24.43643099664028,23.36619942637725,24.157630214818013,501257000,0
2023-03-10,22.94849967956543,23.61002468475085,22.709671082114248,23.392180907202604,474866000,-1
2023-03-13,22.949499130249023,23.281261328785007,22.280981070155615,22.735654088257906,421890000,0
2023-03-14,24.04570960998535,24.201597655704894,23.443142246378383,23.479117583684822,474910000,0
2023-03-15,24.210594177246094,24.26855116568074,23.343217756211608,23.743928730018236,524486000,0
2023-03-16,25.522647857666016,25.56961306416992,23.8768300454124,24.009735804704793,583253000,0
2023-03-17,25.706518173217773,26.380033722306916,25.649558011957538,25.963333500255636,848547000,0
2023-03-20,25.881393432617188,26.005304901728657,25.11194613206901,25.596598324982075,432747000,0
2023-03-21,26.180177688598633,26.373039827669455,25.36276646397826,26.161192238077973,547408000,0
2023-03-22,26.448984146118164,27.569179039359145,26.218149211334993,26.406013865923246,797295000,0
2023-03-23,27.171464920043945,27.479244205116395,26.670825406717857,27.095519307910028,564889000,1
2023-03-24,26.75975799560547,27.147479696523884,26.336062862923182,27.01157773588706,454920000,0
2023-03-27,26.51194190979004,26.980604872002896,26.346060787962443,26.817721854374156,361026000,0
2023-03-28,26.391027450561523,26.493954097903753,25.831430276636002,26.4280015261845,356104000,-1
2023-03-29,26.96461296081543,27.05854529054868,26.57789186488892,26.80572870176275,393694000,0
2023-03-30,27.363325119018555,27.479242902984097,27.082526876348233,27.209436436763664,364516000,0
2023-03-31,27.75704574584961,27.814004004810442,27.085527618637744,27.120502322557275,433933000,0
2023-04-03,27.944910049438477,27.979884752901334,27.31636221380523,27.489238265766424,398716000,1
2023-04-04,27.433277130126953,27.979885054676217,27.28738210668596,27.945909083523457,368592000,0
2023-04-05,26.861690521240234,26.978605147594994,26.37603957890643,26.8097278297564,515015000,-1
2023-04-06,27.017576217651367,27.0605445928743,26.408013855590625,26.56490064896027,397654000,0
2023-04-10,27.559186935424805,27.601156578457452,26.64984085776074,26.80372954888045,395279000,1
2023-04-11,27.14948272705078,27.7700368974792,27.106512443675086,27.704084326370346,314378000,0
2023-04-12,26.47596549987793,27.448266020868353,26.428998382664645,27.350336855929694,446259000,0
2023-04-13,26.44399070739746,26.86768593049722,26.310088089273815,26.714795953906474,353615000,-1
2023-04-14,26.738773345947266,26.86368353133745,26.20115980129313,26.484956138943094,395660000,0
2023-04-17,26.982601165771484,26.986598002254567,26.414009721025014,26.545914854858225,321471000,0
2023-04-18,27.647127151489258,28.089809746131785,27.33735035210643,27.513224529410483,604812000,0
2023-04-19,27.910932540893555,27.97988321134387,27.212435336818444,27.34134236619058,358660000,1
2023-04-20,27.084529876708984,28.009865277348137,26.980604493838346,27.651122006909958,427713000,0
2023-04-21,27.099515914916992,27.163471016898853,26.70280177882077,26.93263607855508,345103000,0
2023-04-24,27.02257537841797,27.346342052515727,26.651841580341635,26.993596880204745,339282000,0
2023-04-25,26.222145080566406,27.227422788632918,26.20615773539097,27.058543589864477,378527000,-1
2023-04-26,26.93663215637207,27.310363995555466,26.685813042578094,26.98260053980685,406337000,0
2023-04-27,27.206439971923828,27.475247721744942,26.605871913545112,27.343342584443867,377161000,0
2023-04-28,27.729068756103516,27.738061163165984,27.051554353034092,27.205444971650195,292216000,0
2023-05-01,28.889232635498047,29.037127037812535,27.76004519843114,27.820001564351713,570329000,1
2023-05-02,28.189729690551758,28.8152812553003,28.06282204018928,28.659393206887817,402730000,0
2023-05-03,27.782028198242188,28.346622858459636,27.452265333314337,27.82000100729318,383387000,0
2023-05-04,27.542198181152344,27.838983778018605,27.220429020911645,27.631133033960886,321850000,-1
2023-05-05,28.65939712524414,28.73434210304905,27.711079463896407,27.80601053150733,361494000,0
2023-05-08,29.130056381225586,29.199007054146342,28.3296331477071,28.501508557701996,344979000,1
2023-05-09,28.550474166870117,28.95218580301935,28.429562707730817,28.87823955817829,314869000,0
2023-05-10,28.86425018310547,29.092087035721274,28.440554984400553,28.98416291165598,369350000,0
2023-05-11,28.557470321655273,28.92920474498459,28.22570998547133,28.875242681605013,322149000,0
2023-05-12,28.319639205932617,28.759323620464688,28.025849805834703,28.508502595009517,274222000,-1
2023-05-15,28.93219757080078,28.948186822599496,28.131774367811524,28.487517590033796,293926000,0
2023-05-16,29.192012786865234,29.84854229374042,28.811287884012522,28.820280290092327,449405000,0
2023-05-17,30.156322479248047,30.177307303349615,29.408860579753068,29.562749289831235,432535000,0
2023-05-18,31.655241012573242,31.805132866599582,30.298216841251755,30.388152334863225,748725000,1
2023-05-19,31.241539001464844,31.55731196292301,30.893789441398656,31.51334294860052,473908000,0
2023-05-22,31.15360450744629,31.497357248904468,30.65796053218652,30.878800536037453,372000000,0
2023-05-23,30.665950775146484,31.265520063724964,30.608992521832057,30.977726881446422,356253000,0
2023-05-24,30.516061782836914,30.585012457598243,29.784587296734873,30.188296394549617,721419000,-1
2023-05-25,37.95271301269531,39.45163534563884,36.6086781009965,38.4953221653252,1543911000,0
2023-05-26,38.91802215576172,39.14186026874579,37.523025068553636,37.86278098088601,714397000,0
2023-05-30,40.08218002319336,41.907866975291824,39.92029767166327,40.56583342459761,923401000,1
2023-05-31,37.80681228637695,40.26604235870074,37.79481987267266,39.45962305827401,1002580000,-1
2023-06-01,39.741432189941406,40.02122983571993,38.31245910707475,38.4613503365906,635873000,0
2023-06-02,39.29874038696289,40.470897837562205,39.02993267645081,40.06818754402535,482731000,0
2023-06-05,39.14285659790039,39.53657069855397,38.679189286090256,38.88104381120459,396094000,0
2023-06-06,38.62623596191406,39.13187304411649,38.12059887971164,38.80211204995851,388729000,0
2023-06-07,37.45195007324219,39.47470731820112,37.33302378077641,38.891066864084394,511998000,-1
2023-06-08,38.48631286621094,38.840095231102595,37.48193373324434,37.70079699455174,417772000,0
2023-06-09,38.74615478515625,39.68657409721963,38.5432805257342,39.01298885760703,427717000,0
2023-06-12,39.45772171020508,39.505692531400726,38.594254553386754,39.175897424576284,388701000,0
2023-06-13,40.996768951416016,41.075722741706215,39.715559758019225,40.16128459363338,613208000,0
2023-06-14,42.97055435180664,42.973550859582204,40.52705475486993,40.7988906205553,740465000,0
2023-06-15,42.62677001953125,43.26238049136282,42.121080670450745,42.57580269390377,568622000,0
2023-06-16,42.66574478149414,43.694111251888586,42.634761803785864,43.423278014608734,655709000,0
2023-06-20,43.78105545043945,43.96294653447216,42.647754022226124,42.97155606415184,451153000,1
2023-06-21,43.018524169921875,43.58817710973732,42.05412133448667,43.47424499683379,551603000,0
2023-06-22,42.998538970947266,43.39928949924953,42.208025110021616,42.227010618169004,417737000,0
2023-06-23,42.18304443359375,42.78267395605411,41.989163484276936,42.43788869619759,358140000,0
2023-06-26,40.60700988769531,42.73769860364241,40.07533559160771,42.434883556150716,594322000,-1
2023-06-27,41.850242614746094,41.91420242654618,40.42312334973698,40.77390538486543,462175000,0
2023-06-28,41.09170913696289,41.81926197798382,40.49307856329963,40.634989509868575,582639000,0
2023-06-29,40.79689407348633,41.57441550067201,40.575030476017865,41.5324415126294,380514000,0
2023-06-30,42.27598190307617,42.52383047806392,41.47547583911563,41.65436660593907,501148000,0
2023-07-03,42.38690948486328,42.87161176585731,42.17604073729099,42.490845604784155,198209000,0
2023-07-05,42.290977478027344,43.150445397826026,42.05911789513359,42.1090863839525,323618000,0
2023-07-06,42.07710647583008,42.1530599478422,41.32057207606587,41.81826689432813,303582000,-1
2023-07-07,42.47686004638672,43.187425147164426,42.154060635419896,42.29597160095548,355881000,0
2023-07-10,42.154052734375,42.7846650850724,41.62337734244857,42.63076049113084,353908000,0
2023-07-11,42.3789176940918,42.73170122282659,42.04112814202054,42.454871163979334,298244000,0
2023-07-12,43.875,43.907980649939184,42.750691892860374,43.006534967275904,481277000,0
2023-07-13,45.948726654052734,46.12661477975552,44.46463927645511,44.490624263163284,478204000,0
2023-07-14,45.441043853759766,48.058432968220316,45.032294942623565,46.554357293058416,772075000,0
2023-07-17,46.43242645263672,46.4674047762211,45.23416630159501,46.2605351552228,510488000,0
2023-07-18,47.46479415893555,47.866547385437194,45.70587810713597,46.6722825276782,569164000,1
2023-07-19,47.04804611206055,47.788591506668375,46.713253060545895,47.434809134176305,427502000,0
2023-07-20,45.49200439453125,47.05804198800248,45.03428589424559,46.47839687416602,537865000,0
2023-07-21,44.2817497253418,45.83779524774896,44.0728786185387,45.759840286956276,963769000,-1
2023-07-24,44.58456039428711,45.081256355723035,44.01291361233455,44.70348668350463,382516000,0
2023-07-25,45.650909423828125,46.15459728065594,44.89537382623507,44.91336431212949,348081000,0
2023-07-26,45.42404556274414,46.0246776713434,44.60255251597656,45.99269585769152,364237000,0
2023-07-27,45.87177658081055,47.365856204169674,45.72186729424945,46.49039542528463,455976000,0
2023-07-28,46.721248626708984,46.9980786979618,46.35247608116189,46.639298324953806,331194000,1
2023-07-31,46.700260162353516,47.10101450963543,46.4773977419444,46.72524631144109,251055000,0
2023-08-01,46.478397369384766,46.87115722310503,45.99869303507332,46.431425390722836,237858000,0
2023-08-02,44.24177169799805,45.811804541571604,43.36031423567036,45.802811205814955,530142000,-1
2023-08-03,44.48762512207031,45.090254950828495,43.77306465511117,43.77306465511117,324176000,0
2023-08-04,44.652523040771484,45.613929417998236,44.36570079021175,44.95733577714755,362666000,0
2023-08-07,45.389076232910156,45.51200170718377,44.53560120341294,45.08326461386996,322154000,1
2023-08-08,44.636531829833984,45.21417545888019,44.028904059244816,44.82541476597463,353843000,0
2023-08-09,42.52783203125,44.28475035974044,42.10808833020014,44.24677171513359,586449000,0
2023-08-10,42.361934661865234,43.54720617350496,41.80927331747047,42.134074226362216,492705000,0
2023-08-11,40.82987594604492,41.99216277740491,40.614009170747266,41.725324863422806,533085000,-1
2023-08-14,43.72609329223633,43.77306527496122,40.28621235394513,40.461103978610694,690286000,0
2023-08-15,43.9129753112793,45.24016151262856,43.68311721989351,44.5325967531205,676512000,1
2023-08-16,43.45925521850586,44.64752313399485,43.37930259032958,44.49261968234225,527451000,0
2023-08-17,43.31734085083008,44.03489771419594,42.97454951240832,43.94295524890926,452395000,0
2023-08-18,43.27237319946289,43.551200958296064,41.63438115847588,42.60878006028029,583768000,-1
2023-08-21,46.9381103515625,47.03604964623714,44.19479982768354,44.46663188405511,692573000,0
2023-08-22,45.63991165161133,48.15736337398348,45.305118604753304,48.10539340410523,755293000,0
2023-08-23,47.087032318115234,47.17098030555359,45.18020448773243,45.83780086835138,779046000,0
2023-08-24,47.13399887084961,50.23509155550928,47.1300035262625,50.185123061708516,1156044000,0
2023-08-25,45.98970031738281,47.77560005540554,44.99630833714143,46.98308848527299,925341000,0
2023-08-28,46.80619430541992,46.951105584017796,44.860393165521366,46.453410769401096,685192000,0
2023-08-29,48.75399398803711,49.05081219163771,46.362464335996904,46.63729671198836,701397000,0
2023-08-30,49.233699798583984,49.89629021673515,48.39521512946385,49.01383389104828,735206000,0
2023-08-31,49.324649810791016,49.7134105431144,48.92789457736262,49.34963596255174,528570000,1
2023-09-01,48.47917175292969,49.76937831137188,48.112396833691186,49.73140347616722,463830000,0
2023-09-05,48.51814651489258,48.8209615928062,47.83056986404137,48.193345606004165,382653000,0
2023-09-06,47.03593444824219,48.52314084906641,46.555191652625176,48.41520047832851,468670000,0
2023-09-07,46.21636962890625,46.31931540374203,45.12794901221637,45.500751421884246,433330000,0
2023-09-08,45.547725677490234,46.58117533674091,45.24688731005027,45.917531350279944,473069000,0
2023-09-11,45.1539306640625,46.138402655591285,44.28839093840832,46.12341125758465,473966000,0
2023-09-12,44.84609603881836,45.64866967224263,44.5072759274583,44.71416638761609,349256000,0
2023-09-13,45.46076965332031,45.90553228607265,44.47929053131075,44.576238979076166,398355000,0
2023-09-14,45.55672836303711,45.962510389736565,45.10696723572713,45.92553134363154,370097000,1
2023-09-15,43.876617431640625,45.57470992882991,43.78466356990573,45.3168479365123,506831000,0
2023-09-18,43.94257354736328,44.21842746450791,41.9776214721143,42.725224019236535,500271000,0
2023-09-19,43.4968147277832,43.94257626263728,42.97908914206893,43.80964769928678,373064000,0
2023-09-20,42.21649932861328,43.8796144440897,42.20050901024611,43.57677443743624,367108000,0
2023-09-21,40.995155334472656,42.07757878288467,40.9581762887944,41.56085581116773,450736000,-1
2023-09-22,41.58782958984375,42.0925615786782,41.209029915514954,41.549847824263814,479236000,0
2023-09-25,42.19950866699219,42.51334057717651,41.15506335084768,41.5688442791152,419091000,0
2023-09-26,41.888671875,42.797188016120394,41.632807736435275,41.97862408142771,402282000,0
2023-09-27,42.44538116455078,42.84916914640304,41.60683110503987,42.30745798436906,444935000,0
2023-09-28,43.06604766845703,43.42285594294353,42.09256748351192,42.437381113220574,424663000,0
2023-09-29,43.475830078125,44.120486965591965,43.283931008082554,43.8036544788931,397830000,0
2023-10-02,44.75814437866211,45.150932755154926,43.83763359767802,44.0065422837391,433298000,1
2023-10-03,43.493812561035156,45.10595593495173,43.222957040550035,44.78412508601,470850000,0
2023-10-04,44.01754379272461,44.11949065629647,43.26894216682684,43.71870325591972,361821000,0
2023-10-05,44.6641960144043,44.87608488910876,43.86462290853571,44.026535366332816,393483000,0
2023-10-06,45.73762130737305,45.764607350127264,44.00254610128737,44.169456948941246,434436000,0
2023-10-09,45.248878479003906,45.58070232967052,44.34436186060897,44.8181083491239,409675000,0
2023-10-10,45.77360534667969,46.23435832407975,45.06398445382541,45.28586632421444,368582000,0
2023-10-11,46.78106689453125,46.834040065278735,46.02546908598747,46.17139122245058,378137000,0
2023-10-12,46.91999435424805,47.58364213748823,46.30532407022369,46.75208457178931,481325000,1
2023-10-13,45.43678283691406,47.09090386110777,45.25587949414747,46.93498491399852,474115000,0
2023-10-16,46.0704460144043,46.20037401715969,44.88807373814119,45.03899427517592,375099000,0
2023-10-17,43.91459274291992,44.73015992833072,42.45736927666252,43.976559988324446,812333000,0
2023-10-18,42.17352294921875,43.195980659324874,41.802722183311644,42.56831300533291,627294000,0
2023-10-19,42.078575134277344,43.27393718803966,41.85969002338792,42.788196012329266,501233000,0
2023-10-20,41.364952087402344,42.447375301495796,41.05611478575877,41.86768246677246,477266000,-1
2023-10-23,42.952110290527344,43.2249675157508,40.92319267438126,41.20704181448495,478530000,0
2023-10-24,43.63973617553711,43.67371845811692,42.66825771169956,43.054049838638136,401463000,1
2023-10-25,41.75674057006836,43.62674594627998,41.53286088745417,43.37487749067412,398379000,0
2023-10-26,40.30451965332031,42.23349189998,39.858758079391365,41.830706689092274,541001000,-1
2023-10-27,40.478424072265625,41.184049239617856,39.99368184063308,41.1080895142693,416784000,0
2023-10-30,41.139076232910156,41.74375354185216,40.45943810774144,41.06511814770768,388028000,0
2023-10-31,40.75827407836914,40.85722417478949,39.20910057134468,40.42845186162983,517969000,0
2023-11-01,42.302459716796875,42.35842964883917,40.847233858365946,40.86222525978218,437593000,0
2023-11-02,43.482826232910156,43.86062323706015,42.87115271419189,43.30491964488263,409172000,0
2023-11-03,44.98102569580078,45.284860788211226,43.69970715705382,43.99654982171858,424610000,0
2023-11-06,45.72662353515625,45.91052742241196,44.875076287164106,45.26087221426332,400733000,0
2023-11-07,45.93052673339844,46.19338333802338,45.13395032175861,45.694652363241545,343165000,0
2023-11-08,46.549190521240234,46.84203370294661,45.943510541994904,46.07544019276808,346719000,0
2023-11-09,46.92499542236328,48.20431248057617,46.725101178851126,47.44171836261993,540496000,0
2023-11-10,48.30924606323242,48.44617410629821,47.257808432323394,47.474691868582156,421245000,0
2023-11-13,48.59409713745117,49.089835094749,48.07337478624012,48.29425772183734,384136000,0
2023-11-14,49.62954330444336,49.80744987552175,49.01387417114993,49.65353259219839,416954000,1
2023-11-15,48.861961364746094,49.933388984346166,48.17432808740097,49.908404587648306,475497000,0
2023-11-16,49.45364761352539,49.498625630129254,48.30426236511625,48.65307551956687,339756000,0
2023-11-17,49.27174377441406,49.690519330165195,48.98089839763263,49.497621330678015,325205000,0
2023-11-20,50.38214874267578,50.52107463973848,49.154802228016756,49.28573296601089,414120000,1
2023-11-21,49.91739273071289,50.490085514630344,49.19577725200011,50.09929497773503,565747000,0
2023-11-22,48.69004821777344,50.30818524557121,47.66459379977652,49.825444647955656,899420000,0
2023-11-24,47.750553131103516,48.89494370536702,47.719567599637976,48.44418371661637,294645000,-1
2023-11-27,48.216304779052734,48.50414957807058,47.626618886367,47.77453886553829,395662000,0
2023-11-28,47.79552459716797,48.297259893214324,47.44771040598486,48.21030443908597,401491000,0
2023-11-29,48.114356994628906,48.73602732533338,47.834507360313225,48.353231914775776,382005000,0
2023-11-30,46.745086669921875,48.084373021372656,46.39727247213995,47.99841648388341,526247000,0
2023-12-01,46.740089416503906,47.17485908076749,46.16239818011134,46.50021939065631,369317000,0
2023-12-04,45.485755920410156,46.05245523122368,44.986022261895734,46.05245523122368,437543000,0
2023-12-05,46.5452880859375,46.57926954537756,45.25086215389837,45.44577510763007,371718000,0
2023-12-06,45.48275375366211,47.36591823339589,45.39179463674292,47.193993872768374,380590000,-1
2023-12-07,46.57527160644531,46.608257871428684,45.58371233582553,45.67967029959522,350823000,0
2023-12-08,47.484867095947266,47.71976316440486,46.52929109899644,46.57427306314803,359224000,0
2023-12-11,46.606258392333984,47.509855606149344,45.809615840333315,47.46987629673305,509728000,0
2023-12-12,47.63580322265625,47.64479809072532,46.02551974926929,46.02551974926929,372387000,0
2023-12-13,48.066612243652344,48.57238769905397,47.58682619986832,47.60781676779011,447792000,0
2023-12-14,48.3284912109375,48.64834856206219,47.40090641787607,48.36847433307818,391232000,0
2023-12-15,48.86825180053711,49.38202309847893,48.09859385972537,48.17256225420351,479948000,0
2023-12-18,50.05472183227539,50.41056245137458,49.128136088938405,49.37802487105305,412587000,1
2023-12-19,49.58193588256836,49.67789385217957,48.87325161681536,49.40201564279745,464444000,0
2023-12-20,48.08959197998047,49.97675235960813,48.07659727656144,49.63290366098113,397894000,-1
2023-12-21,48.96820831298828,49.073161145828394,48.3974593653526,48.78928708762263,300425000,0
2023-12-22,48.80828094482422,49.361032545869435,48.4454396410346,49.173116447816035,252507000,0
2023-12-26,49.257076263427734,49.577932603982376,48.93821793497618,48.946213796388726,244200000,0
2023-12-27,49.395015716552734,49.6578992040216,49.063162681025496,49.48897566808163,233648000,0
2023-12-28,49.49997329711914,49.861811801128255,49.39002161209968,49.62092167584078,246587000,0
2023-12-29,49.49997329711914,49.97476431761222,48.72931630882886,49.79084423414316,389293000,0
2024-01-02,48.14657211303711,49.27306967783242,47.57382895982364,49.22209367645226,411254000,0
2024-01-03,47.54784393310547,48.16256827659866,47.29895412677383,47.463881658150314,320896000,-1
2024-01-04,47.976654052734375,48.478429690770945,47.486870301849585,47.74575398330261,306535000,0
2024-01-05,49.07516098022461,49.52496157552718,48.284512463803985,48.44044511624241,415039000,0
2024-01-08,52.22975540161133,52.2517487880838,49.45699105890023,49.48997732560851,642510000,0
2024-01-09,53.116363525390625,54.300837828077086,51.66700770075754,52.377693807569635,773100000,0
2024-01-10,54.32582473754883,54.57571354280526,53.465207631237654,53.59215385916433,533796000,0
2024-01-11,54.79761505126953,55.32138406257686,53.53617913526717,54.974538278058645,596759000,0
2024-01-12,54.68566131591797,54.94554779007713,54.30583310445503,54.59570119993984,352994000,0
2024-01-16,56.3569221496582,56.80971977782299,54.8755828754699,54.99353042144443,449580000,0
2024-01-17,56.02806854248047,56.44588188035791,54.71565285080781,56.321936487561636,474394000,0
2024-01-18,57.08160400390625,57.574384806310164,56.08204868565086,57.234535845583295,491650000,0
2024-01-19,59.46453094482422,59.47352581167716,57.19953653485424,57.96319653636929,543501000,0
2024-01-22,59.62746047973633,60.304161248486004,59.04372065548559,60.0222852098443,452955000,0
2024-01-23,59.846370697021484,59.883352989442805,58.558941562294194,59.54350406262355,294654000,0
2024-01-24,61.33470153808594,62.82103953170251,59.91133524326615,60.27717355032384,560271000,0
2024-01-25,61.58959197998047,62.69110297574928,60.82293105370839,62.32226382064944,482777000,0
2024-01-26,61.00385284423828,61.75552108430859,60.546060183592516,60.93288527775175,390309000,0
2024-01-29,62.437217712402344,62.461205299239374,60.87991200329709,61.2047644032602,348733000,0
2024-01-30,62.74607849121094,63.46476047335504,62.23230716218185,62.8720257145649,410735000,0
2024-01-31,61.499629974365234,62.241300473230424,60.67299820310047,61.412666876814875,453795000,0
2024-02-01,62.998966217041016,63.162894734552545,61.622579800424674,62.07237659144927,369146000,0
2024-02-02,66.13056945800781,66.57036851886501,63.66166331360379,63.945537360193555,476578000,0
2024-02-05,69.3011703491211,69.46609789244776,67.17511727638595,68.19466034985767,680078000,0
2024-02-06,68.19265747070312,69.72297479094898,66.27051620023909,69.59902939073692,683111000,0
2024-02-07,70.06781005859375,70.18875841866728,67.5699213830753,68.28860324951218,495575000,0
2024-02-08,69.61001586914062,70.76250278254372,69.42410160910691,70.04282188718702,414422000,0
2024-02-09,72.1009292602539,72.1529004646833,70.18077818713913,70.50163460022237,436637000,0
2024-02-12,72.21586608886719,74.57781401880388,71.21830888867534,72.56770690031318,613710000,0
2024-02-13,72.09593200683594,73.41734287476193,69.58905139491642,70.36870340581967,602580000,0
2024-02-14,73.86714172363281,74.20299085628308,71.90601614461964,73.16945404316262,504917000,1
2024-02-15,72.62567901611328,73.94209455962387,72.367798166515,73.83614652782032,420122000,0
2024-02-16,72.58069610595703,74.36890170975214,72.46874641870774,74.06703410620473,495327000,0
2024-02-20,69.42111206054688,71.92399611508012,67.7038738880447,71.91499743381983,704833000,0
2024-02-21,67.4419937133789,68.85736435043377,66.21853903151819,67.97575281438615,690298000,-1
2024-02-22,78.5030746459961,78.54005312771558,74.18699415098794,74.99163645696194,865100000,0
2024-02-23,78.78194427490234,82.35734911008414,77.53549728166801,80.75406627582844,829388000,0
2024-02-26,79.05682373046875,80.6101333847281,78.47007920802383,79.6645473818615,503973000,0
2024-02-27,78.6659927368164,79.44465321768179,77.12768339613434,79.34569059981222,391705000,0
2024-02-28,77.62845611572266,78.89788784146795,77.09069341452309,77.5854759749912,393110000,-1
2024-02-29,79.07681274414062,79.95442058749313,78.31515062293454,79.05882300732509,507289000,0
2024-03-01,82.24240112304688,82.26339550360602,79.3996643825277,79.96441550736878,479135000,0
2024-03-04,85.19908142089844,87.6559881507534,83.68175896782463,84.09257161789769,615616000,0
2024-03-05,85.92979431152344,86.0627446282655,83.38381061731276,85.23607018990775,520639000,0
2024-03-06,88.66470336914062,89.68829799563825,86.99536968964857,87.98697936730527,582520000,0
2024-03-07,92.63211822509766,92.73007879589166,89.5663374903336,90.12211596889982,608119000,1
2024-03-08,87.49317932128906,97.36125367062506,86.471582722722,95.10015250661483,1142269000,0
2024-03-11,85.73987579345703,88.76166805142309,84.13251384848073,86.39461397312768,678364000,-1
2024-03-12,91.87643432617188,91.92341269864875,86.11572665391354,88.01397320906432,668075000,0
2024-03-13,90.85183715820312,91.4675893741384,88.39981025124858,91.0187705277177,635713000,0
2024-03-14,87.90900421142578,90.60993246753917,86.56553726731572,89.54135761646017,602318000,0
2024-03-15,87.80204010009766,89.51035957614793,86.22267471383468,86.89540339171198,642086000,-1
2024-03-18,88.4197998046875,92.3682247909847,87.05034227173738,90.35202919541369,668976000,0
2024-03-19,89.36244201660156,90.50798225768641,84.97618698079455,86.66550954911943,672171000,0
2024-03-20,90.33604431152344,90.37403120538988,88.18789728423222,89.76126851749964,479063000,0
2024-03-21,91.39861297607422,92.61113535282396,90.36902406254626,92.26327425898415,480372000,0
2024-03-22,94.25148010253906,94.74028392361174,90.79785315480537,91.10473019409365,586719000,0
2024-03-25,94.96419525146484,96.72749325113482,93.47279218881877,93.90362043919335,552136000,1
2024-03-26,92.524169921875,96.33665544167545,92.4651952874423,95.81286185029995,513648000,0
2024-03-27,90.21408081054688,93.20288866545509,89.08753045086448,93.074941256308,586067000,0
2024-03-28,90.3200454711914,91.26367004870988,89.15750627580795,89.96418433554203,435212000,0
2024-04-01,90.32704162597656,92.18830020895638,89.16850623304367,90.26307172974768,452441000,0
2024-04-02,89.4164047241211,90.05814752237067,87.58513306363145,88.41279885088287,433064000,0
2024-04-03,88.92859649658203,90.33803909261785,88.36482555925463,88.44879176806333,370067000,0
2024-04-04,85.87081146240234,90.59793338323315,85.8458198862947,90.3700196658157,434965000,0
2024-04-05,87.97297668457031,88.44578800690704,85.8918045734179,86.83142527427668,399678000,0
2024-04-08,87.09832763671875,88.79465089246293,86.69748624318682,88.66469774661466,283220000,0
2024-04-09,85.32002258300781,87.60012052713442,82.98895768982644,87.40719655433202,503547000,-1
2024-04-10,87.00436401367188,87.36522041356919,83.67568736757892,83.89260387924026,431929000,0
2024-04-11,90.57994079589844,90.7028929518332,86.89141424964939,87.38521335302488,431637000,1
2024-04-12,88.15091705322266,90.13913187887813,87.49517977611293,89.66331567734815,426805000,0
2024-04-15,85.9667739868164,90.57693808006732,85.89480404361007,89.06254160849194,443077000,0
2024-04-16,87.3802261352539,88.08294177522718,86.0297656543146,86.39861452972899,370453000,0
2024-04-17,84.00155639648438,88.73966766585035,83.9165835166389,88.30483561683317,495400000,0
2024-04-18,84.63731384277344,86.15571437475974,82.3692193017974,84.93619849437428,447260000,0
2024-04-19,76.16968536376953,84.2904542682202,75.57592750797775,83.11692530020838,875198000,-1
2024-04-22,79.48635864257812,80.041138120895,76.36960303384217,78.07291978914027,596341000,0
2024-04-23,82.39020538330078,82.73606840189474,80.23206773575617,80.73686408123375,438559000,0
2024-04-24,79.64529418945312,84.0485399828589,79.15148748403092,83.91658873008338,512208000,0
2024-04-25,82.59912109375,83.2898403812615,78.19187140737442,78.83661137961147,424641000,0
2024-04-26,87.70010375976562,88.29586737015919,83.35383361643422,83.78466194089245,551011000,0
2024-04-29,87.7220687866211,87.95696821972597,85.2320554815929,87.56013071439783,388971000,1
2024-04-30,86.36762237548828,88.78366050463956,86.26566558321609,87.20528638548105,363709000,0
2024-05-01,83.00794982910156,85.96577177323404,81.22265755025684,85.04314260728708,559863000,-1
2024-05-02,85.78285217285156,86.20268321187375,83.16688916320159,84.41539269757547,377898000,0
2024-05-03,88.75366973876953,89.24547072408387,87.00536516764065,87.75406766785412,398341000,0
2024-05-06,92.10334014892578,92.1833101500868,89.0195684762701,89.35443427647793,376203000,1
2024-05-07,90.5179672241211,91.7444763476329,88.97558195332661,91.06174947211589,437342000,0
2024-05-08,90.37602233886719,91.15770881690996,89.38441272091335,89.44739118815833,325721000,0
2024-05-09,88.7116928100586,91.03576473617252,88.19589926476827,90.49298150601264,378013000,-1
2024-05-10,89.84223175048828,91.36462830200051,89.19148983724465,90.26906377983879,335325000,0
2024-05-13,90.363037109375,90.9617978228875,88.49377833765243,90.44200043253207,289680000,0
2024-05-14,91.31965637207031,91.61453717454157,88.89861527885883,89.56335162049751,296507000,0
2024-05-15,94.59233856201172,94.82424849333687,91.56254653968536,92.4352002212208,417735000,0
2024-05-16,94.32144927978516,95.78086733108053,94.06554682786754,94.87223250076393,323952000,0
2024-05-17,92.44219207763672,94.70229384560606,91.76946339148994,94.33144692377931,359691000,0
2024-05-20,94.74229431152344,95.1621254008356,93.40283103809145,93.71270527643716,318764000,0
2024-05-21,95.34805297851562,95.3620473477093,93.14292933791309,93.56176136066378,328946000,0
2024-05-22,94.91221618652344,95.98179012668933,93.21189661689411,95.4210163390551,548648000,0
2024-05-23,103.75769805908203,106.27769095331759,101.47959800397635,101.98739908517513,835065000,0
2024-05-24,106.4266357421875,106.43263006008718,102.95901435352869,104.40743526760016,429494000,0
2024-05-28,113.85567474365234,114.8932636910207,109.83927594050425,110.20013234368999,652728000,0
2024-05-29,114.77930450439453,115.44603890128045,110.85687001297053,113.00501693328442,557442000,0
2024-05-30,110.45602416992188,115.7729076045519,109.61935928526937,114.60437411424489,487350000,0
2024-05-31,109.5893783569336,112.6721508136538,106.89744915530943,112.47522298026993,613263000,-1
2024-06-03,114.95423889160156,114.95423889160156,111.95842981858523,113.57578982337094,438392000,0
2024-06-04,116.39066314697266,116.5536002983867,113.99961669436625,115.66995700688702,403324000,0
2024-06-05,122.39128112792969,122.40027260477018,117.42125946364868,118.32390001995762,528402000,1
2024-06-06,120.9498519897461,125.53702276322566,118.27291625132057,123.99863371799574,664696000,0
2024-06-07,120.83989715576172,121.64357808503144,117.9750402689876,119.72233818274681,412386000,0
2024-06-10,121.74153900146484,123.05101529403815,116.9634422493321,120.32210586929361,314162700,0
2024-06-11,120.871826171875,122.83120638409855,118.70250555567614,121.7315476089346,222551200,0
2024-06-12,125.16045379638672,126.83992349046981,122.53128720098238,123.02113030388603,299595000,0
2024-06-13,129.56907653808594,129.75901898663975,127.11985317098477,129.34914478228376,260704500,0
2024-06-14,131.83834838867188,132.79803661447383,128.27947531454848,129.91895668309868,309320400,0
2024-06-17,130.9386444091797,133.68777621457593,129.53909250074847,132.94801960039305,288504400,0
2024-06-18,135.5371856689453,136.28694881895896,130.64873054101508,131.0985853802292,294335100,1
2024-06-20,130.7386932373047,140.71553688397165,129.47909668701024,139.75584863250057,517768400,0
2024-06-21,126.530029296875,130.58875234831092,124.26074951143192,127.07985865944181,655484700,0
2024-06-24,118.07270050048828,124.42069359285091,118.00272291214357,123.20107765857003,476060900,-1
2024-06-25,126.05017852783203,126.46005271537233,119.28231977395795,121.16172334527805,425787500,0
2024-06-26,126.3600845336914,128.07953495276965,122.56128151904039,126.09016552830566,362975900,0
2024-06-27,123.95084381103516,126.37008541035671,122.88118200495357,124.0608096849582,252571700,0
2024-06-28,123.50098419189453,127.66966538119843,122.71123277650611,124.5406566516343,315516700,0
2024-07-01,124.26074981689453,124.80057257621507,118.79247599150393,123.43101009570317,284885500,0
2024-07-02,122.63126373291016,123.37103556099011,120.99178219157349,121.09174909004807,218374000,-1
2024-07-03,128.23948669433594,128.23948669433594,121.32167392885506,121.62158223669927,215749000,0
2024-07-05,125.7902603149414,128.8093107644133,125.64030616479143,127.33976619453144,214176700,0
2024-07-08,128.1595001220703,130.72869561210538,126.99987051805138,127.44972531770834,237677300,0
2024-07-09,131.33851623535156,133.77774814549483,128.60936736242857,130.30884272059,285366600,0
2024-07-10,134.86740112304688,135.0573435645553,132.37818193596397,133.98767413246904,248978600,1
2024-07-11,127.35977172851562,136.10700106603016,127.00988377533271,135.70713347781276,374782700,0
2024-07-12,129.19918823242188,131.87833449876962,127.17982192837307,128.21948675833656,252680500,0
2024-07-15,128.39944458007812,131.34850999947517,127.13984031827107,130.5187702604364,208326200,0
2024-07-16,126.3200912475586,128.99923747826654,124.54065466054338,128.39943613379464,214769500,0
2024-07-17,117.95272827148438,121.81150962044453,116.6831327832442,121.31166755583294,390086200,0
2024-07-18,121.0517578125,122.36134931919207,116.52318954339042,121.81151995069708,320979500,0
2024-07-19,117.89276123046875,121.56160051418016,117.33294050381654,120.31199523005621,217223800,0
2024-07-22,123.50098419189453,124.03081558560177,119.82214611396347,120.31198922533628,258068900,1
2024-07-23,122.55128479003906,124.65062775227732,122.06144165810996,122.74122723235222,173911000,0
2024-07-24,114.21391296386719,119.91210950952006,113.404171251323,119.13235710085017,327776900,0
2024-07-25,112.24453735351562,116.59316196631043,106.26643028982559,113.00429945804284,460067000,0
2024-07-26,113.0242919921875,116.16329973616865,111.54476366325866,116.15330838570574,293399100,0
2024-07-29,111.55475616455078,116.24327750097967,111.26485445843416,113.65409908515099,248152100,0
2024-07-30,103.6972427368164,111.95462852357666,102.50761612898444,111.48477574142504,486833300,-1
2024-07-31,116.98303985595703,118.30262267375933,110.84497957634794,112.86434589914217,473174200,1
2024-08-01,109.1755142211914,120.12206115379604,106.77627053548454,117.49288673851923,523462300,0
2024-08-02,107.23611450195312,108.68566108330708,101.33798416873923,103.72722865674588,482027500,0
2024-08-05,100.41827392578125,103.37734584261189,90.66136171396138,92.03092417423306,552842400,0
2024-08-06,104.21707153320312,107.67597774031395,100.51824326819028,103.80719737509351,409012100,0
2024-08-07,98.87876892089844,108.76564515252367,98.65883717427215,107.7759522927054,411440400,-1
2024-08-08,104.93685150146484,105.4666829061735,97.48919964896103,101.96778821260376,391910000,0
2024-08-09,104.71692657470703,106.5663409363095,103.39734365230565,105.60664495883447,290844200,0
2024-08-12,108.98556518554688,111.03492079100891,106.22644235947173,106.28642096921708,325559900,0
2024-08-13,116.10331726074219,116.19329280080893,111.54475995028979,112.4044889345572,312646700,0
2024-08-14,118.04270935058594,118.56254176631195,114.03397366865786,118.49256417906065,339246400,0
2024-08-15,122.82119750976562,123.2010747479502,117.4329004535653,118.72249394572432,318086700,0
2024-08-16,124.54065704345703,124.96052256881184,121.14172930418835,121.90149141696253,302589900,0
2024-08-19,129.9589385986328,129.9589385986328,123.38101510677953,124.24074407997541,318333600,1
2024-08-20,127.2098159790039,129.83899033787588,125.85024484050366,128.3594467212338,300087400,0
2024-08-21,128.4594268798828,129.30916459896468,126.62001151002669,127.27979915287139,257883600,0
2024-08-22,123.70092010498047,130.70870844472378,123.06112283059149,129.97894325377314,376189100,-1
2024-08-23,129.32913208007812,129.5590704147264,125.18044900805843,125.8202462463596,323230300,1
2024-08-26,126.42005920410156,131.21853864319473,124.33072295006603,129.52908520948145,331964700,0
2024-08-27,128.25949096679688,129.15920068067538,123.84088083210607,125.01051718872198,303134600,0
2024-08-28,125.5703353881836,128.28947768481862,122.60127203673997,128.07953728703234,448101100,0
2024-08-29,117.55286407470703,124.39070812333074,116.67314470453282,121.32167786502487,453023300,0
2024-08-30,119.33230590820312,121.71155156264531,117.18298334905096,119.49225141445028,333751600,0
2024-09-03,107.96588897705078,116.17329499238285,107.25611414068058,115.97336121173781,477155100,0
2024-09-04,106.17645263671875,113.23422029378455,104.08711642455602,105.37670989305681,372470300,0
2024-09-05,107.17613983154297,109.61537166703076,104.7269166457022,104.9568397355808,306850700,0
2024-09-06,102.79752349853516,108.11584289854254,100.91811240569285,108.00587703132368,413638100,-1
2024-09-09,106.43637084960938,106.51634741071727,103.65725018047983,104.84686911227489,273912000,0
2024-09-10,108.06585693359375,109.36544940156337,104.91685028196345,107.77594760990868,268283700,0
2024-09-11,116.87307739257812,117.15298773367408,107.38606933752642,109.35544832921772,441422400,0
2024-09-12,119.11256408691406,120.76218565399151,115.35342779588602,116.81309067491064,367100500,1
2024-09-13,119.07256317138672,119.9323656761346,117.57290870417117,119.05257113465082,238358300,0
2024-09-16,116.75309753417969,118.15277655804964,114.33365683196332,116.76309736633479,248772300,0
2024-09-17,115.5633773803711,118.77264486908852,114.80355789094266,118.14278506866847,231925900,0
2024-09-18,113.3438949584961,117.67289201304244,113.19392797621738,115.86331127575549,310318900,-1
2024-09-19,117.84284973144531,119.63243829505257,117.22298981122768,117.32296524929194,293506400,0
2024-09-20,115.97328186035156,118.59268114487098,115.36342175070251,117.03303527099015,382462400,0
2024-09-23,116.23323059082031,116.96305822001592,114.83355144756428,116.52316472695202,206228500,0
2024-09-24,120.8421630859375,121.77194918665968,115.35342209088209,116.4931589075561,354966800,0
2024-09-25,123.48155975341797,124.91123075234002,121.58199576757475,121.99189738474502,284692900,0
2024-09-26,124.01143646240234,127.64059778478497,121.77195443476235,126.77080301373226,302582900,1
2024-09-27,121.3720474243164,124.00143908292871,119.23254080039722,123.94145533963831,271009200,0
2024-09-30,121.41203308105469,121.47201682135709,118.12278989954673,118.28274908289889,226553700,0
2024-10-01,116.97305297851562,122.41180249801877,115.76333257670387,121.74195101301775,302094500,-1
2024-10-02,118.82262420654297,119.3525009132392,115.11347963203208,116.41318325903728,221845900,0
2024-10-03,122.82170867919922,124.33136309340041,120.31228454416183,120.89215281287986,277118000,0
2024-10-04,124.89122772216797,125.01120283080023,121.80194304435166,124.91122738742537,243678100,0
2024-10-07,127.69059753417969,130.6099234614245,124.92123097183868,124.96122267835906,346250200,0
2024-10-08,132.85939025878906,133.4492507002601,129.39018829854146,130.22999115642648,285722500,0
2024-10-09,132.61944580078125,134.48902553025528,131.34974925411063,134.07911628828677,246191600,0
2024-10-10,134.77896118164062,134.96891988009384,130.9698407725355,131.8796349307713,242311300,0
2024-10-11,134.7689666748047,135.74873676795113,133.6292297588208,133.97914002159231,170209500,0
2024-10-14,138.03822326660156,139.5678698363904,136.26862645350758,136.43858548845338,232347700,1
2024-10-15,131.5697021484375,138.53809836462625,128.7103601195905,137.8382473516489,377831000,-1
2024-10-16,135.68873596191406,136.58852253050404,131.5496902869071,133.94913130666296,264879700,0
2024-10-17,136.89846801757812,140.8575630403271,136.83848427190068,139.30791683746315,306435900,0
2024-10-18,137.9682159423828,138.86800255294065,137.24838055182667,138.63805979784692,176090200,0
2024-10-21,143.67691040039062,143.67691040039062,137.96821869705386,138.09819363983328,264554500,1
2024-10-22,143.55694580078125,144.3867565878425,141.74736485471627,142.8771096409394,226311600,0
2024-10-23,139.52786254882812,142.3971968224879,137.42835524686083,141.99729502838238,285930000,0
2024-10-24,140.37767028808594,141.31745626734755,138.4281223817854,140.78757953525755,172354900,0
2024-10-25,141.5074005126953,144.096815700832,140.76758067774944,140.89754036873228,205122100,0
2024-10-28,140.48764038085938,143.10703207337144,140.0177474085771,142.96706492770915,173586700,0
2024-10-29,141.21746826171875,142.22723015349655,138.86800339560858,140.25768265006158,157593600,0
2024-10-30,139.3079071044922,140.29768460484607,136.778490969974,139.50785799453917,179418100,0
2024-10-31,132.72943115234375,137.57832071125284,132.07958689426476,137.5683285053032,270039600,-1
2024-11-01,135.3688201904297,137.27838410441936,134.5390247094388,134.66898440540822,207127800,0
2024-11-04,136.0186767578125,138.9280103748792,135.53879155204424,137.17841332242185,187528200,0
2024-11-05,139.87777709960938,140.33766260126754,137.29836954050154,137.41833701827767,160537400,0
2024-11-06,145.57644653320312,146.4562486294515,141.92729373400795,142.92706329600915,242043900,0
2024-11-07,148.84573364257812,148.8957099286715,146.1363507552026,146.35630133300918,207323300,1
2024-11-08,147.5959930419922,149.73549940640058,146.226298296804,148.73572979209249,175665800,0
2024-11-11,145.22654724121094,148.81573220925225,143.5369491915439,148.64575792845778,182325600,-1
2024-11-12,148.25582885742188,149.61551613817602,145.97635536546252,146.74618223717314,198634700,0
2024-11-13,146.23631286621094,149.29560559389023,145.8663877173454,149.03567097343083,191903300,0
2024-11-14,146.7261962890625,148.9656859182561,145.51648348999578,147.60599851040197,194463300,0
2024-11-15,141.94729614257812,145.20655509140138,140.04773983599173,144.83662993296312,250132900,0
2024-11-18,140.11770629882812,141.51739292157006,137.11839743544738,139.46786214720512,221866000,-1
2024-11-19,146.97613525390625,147.0961179891657,140.9575327604593,141.28745858569204,227834900,1
2024-11-20,145.8563995361328,147.52601308862683,142.69712365290204,147.37605373716247,309871700,0
2024-11-21,146.63623046875,152.85479966423284,140.6676037159947,149.3156213875326,400946600,0
2024-11-22,141.9173126220703,147.12611971943554,141.0675174897679,145.89639194607773,236406200,0
2024-11-25,135.98867797851562,142.01728800977313,135.78872709087477,141.95730426900835,344941900,0
2024-11-26,136.8884735107422,139.2679304177918,135.6387613125482,137.66829270199315,190287700,0
2024-11-27,135.30882263183594,137.1883944813901,131.7696447344509,134.97889681216265,226370900,-1
2024-11-29,138.21817016601562,139.3179230108574,136.018679731608,136.74850738939793,141863200,0
2024-12-02,138.59808349609375,140.41765648435037,137.7882724501192,138.79803439240126,171682800,0
2024-12-03,140.2277069091797,140.50764123326277,137.91824110785586,138.22816730557096,164414000,0
2024-12-04,145.10658264160156,145.75642688476938,140.25769319395386,141.9673061992379,231224300,1
2024-12-05,145.03659057617188,146.51634749056768,143.9267690762933,145.08658555940238,172621200,0
2024-12-06,142.41702270507812,145.67649127950102,141.28720012508654,144.57667789545363,188505600,0
2024-12-09,138.78758239746094,139.92739769900004,137.10786100838232,138.9475602220375,189308600,0
2024-12-10,135.04820251464844,141.79711283924593,133.76839511357173,138.9875536517665,210020900,0
2024-12-11,139.28750610351562,140.14736786765778,135.1881771980721,137.3378239802647,184905200,0
2024-12-12,137.3178253173828,138.41765384511186,135.77808063488797,137.05787278188586,159211400,0
2024-12-13,134.22833251953125,139.5774751507731,132.51860179476702,138.91757801094644,231514900,0
2024-12-16,131.9786834716797,134.3782897959075,130.39893679330513,134.1583241029487,237951100,0
2024-12-17,130.36895751953125,131.56876081657285,126.83952839876781,129.06916425760008,259410300,0
2024-12-18,128.88919067382812,136.6779262372523,128.25928750759206,133.83838842708505,277444500,-1
2024-12-19,130.6588897705078,134.00835489709178,129.52908262326224,131.73871719708123,209719200,0
2024-12-20,134.67825317382812,135.2581613788304,128.19930347129645,129.78904314606552,306528600,0
2024-12-23,139.64744567871094,139.7674214203078,135.098177315152,136.25799367167244,176053500,0
2024-12-24,140.19737243652344,141.8770939941236,138.6276184809867,139.97740671974344,105157000,1
2024-12-26,139.90740966796875,140.8272746166671,137.70776777261636,139.67745105895742,116205600,0
2024-12-27,136.9878692626953,138.99755443917667,134.6882528863639,138.52762911725588,170582600,0
2024-12-30,137.46780395507812,140.24735382720857,133.9983630613892,134.80822982362736,167734700,0
2024-12-31,134.26832580566406,138.0477299443946,133.80840856948805,138.0077278547889,155659200,-1
2025-01-02,138.2876739501953,138.85758927368732,134.608275235204,135.97804923146714,198247200,0
2025-01-03,144.44668579101562,144.87660907201655,139.70744526818353,139.9873988596089,229322500,0
2025-01-06,149.40586853027344,152.13543878056797,147.79614309655065,148.5660078023331,265377400,1
2025-01-07,140.11737060546875,153.1052785673635,139.9873867148958,153.00528861210353,351782200,0
2025-01-08,140.08738708496094,143.92676365371082,137.53779559953318,142.55698965149892,227349900,0
2025-01-10,135.88807678222656,139.89742434133598,134.1983469953677,137.42782161536184,207602500,0
2025-01-13,133.20849609375,133.46846390099535,129.4890951782822,129.96902870412282,204808900,0
2025-01-14,131.7387237548828,136.357988296776,130.02900835327767,136.02803973976037,195590500,-1
2025-01-15,136.218017578125,136.42797514246556,131.26880425867054,133.6284239860889,185217300,0
2025-01-16,133.54844665527344,138.72760318445665,133.46845773799356,138.61762033023757,209235600,0
2025-01-17,137.68777465820312,138.47764040694682,135.43813790068955,136.6679350563591,201188800,0
2025-01-21,140.80726623535156,141.80710479535009,137.06786452867982,139.1375376709131,197749000,0
2025-01-22,147.04627990722656,147.76614971080585,143.64681928959496,144.63666506104835,237651400,0
2025-01-23,147.1962432861328,147.20623618008437,143.6968081059284,145.02659530516527,155915500,1
2025-01-24,142.5969696044922,148.9459505211395,141.8570988390214,148.34604128656673,234657600,0
2025-01-27,118.40088653564453,128.37927160601726,116.68116290346629,124.77986175863892,818830900,-1
2025-01-28,128.9691925048828,128.97918539907013,116.23124265613879,121.79034308969104,579666400,0
2025-01-29,123.6800308227539,126.86951837337095,120.03062606319732,126.47958193260648,467120600,0
2025-01-30,124.62987518310547,124.97981714548027,118.08092971341723,123.08012239923644,392925500,0
2025-01-31,120.05062103271484,127.82936416140842,119.17076580619347,123.7600213429819,390372900,0
2025-02-03,116.64117431640625,118.55086206886682,112.99176191394916,114.73147893578255,371235700,-1
2025-02-04,118.63085174560547,121.18043560579926,116.6811618932845,116.94112206589325,256550000,0
2025-02-05,124.80985260009766,124.97982332906605,120.74050985762979,121.74034844426231,262230800,0
2025-02-06,128.65921020507812,128.74920726442895,125.18977703531333,127.39941919373811,251483600,0
2025-02-07,129.81903076171875,130.34894396083934,124.97981594966575,129.19913575663247,228186300,0
2025-02-10,133.54844665527344,134.97820850379568,129.93902876577076,130.0689974070653,216989100,0
2025-02-11,132.77857971191406,134.45830137072844,130.99886808260132,132.5586139818797,178902400,0
2025-02-12,131.11883544921875,132.21866402899062,129.0591703419428,129.9990210816885,160278600,0
2025-02-13,135.26815795898438,136.477969382041,131.1488277944593,131.5387642395835,197430000,0
2025-02-14,138.8275909423828,139.22752026611062,135.4781256449407,136.45796316750187,195479600,0
2025-02-18,139.37750244140625,143.41685915221993,137.90773839766058,141.2472111010542,219176600,0
2025-02-19,139.20751953125,141.33718056281413,137.1978495021305,139.48747310974449,167536000,0
2025-02-20,140.08738708496094,140.637301367124,136.7679156045049,140.0073981660712,143903600,1
2025-02-21,134.40829467773438,141.4371740194045,134.00836534323213,140.0173897923713,228217600,0
2025-02-24,130.25897216796875,138.56762852998253,130.0590074983429,136.53795738344377,251381100,0
2025-02-25,126.60955810546875,130.17898157227808,124.41991677706234,129.9590158616247,271428700,0
2025-02-26,131.25881958007812,133.70842127410083,128.4692763992483,129.96903440656757,322553800,0
2025-02-27,120.13060760498047,134.98820197149917,119.99063081322677,134.97820907791893,443175800,0
2025-02-28,124.89983367919922,125.06980440717122,116.38121232741895,118.00094594624423,389091100,0
2025-03-03,114.04158782958984,123.68003128569312,112.26187634904674,123.49006713958599,411381400,0
2025-03-04,115.97127532958984,119.29073912641502,110.09222719636827,110.63214094760745,398163300,0
2025-03-05,117.28106689453125,118.26090441787001,114.49151637878758,117.56102047262804,284337900,0
2025-03-06,110.55215454101562,115.33138186500223,110.20221255397621,113.51167590423404,321181900,0
2025-03-07,112.67181396484375,113.46168737204893,107.54263707893918,111.232043943795,341755500,0
2025-03-10,106.96273040771484,111.83193921740828,105.44297155454524,109.88225711490554,366487400,-1
2025-03-11,108.74244689941406,112.2218809117277,104.75308544348755,106.97272832797886,354865700,0
2025-03-12,115.73196411132812,116.75189758318456,112.87216201952944,114.1120814413496,323857500,0
2025-03-13,115.57197570800781,117.75182462929007,113.7820990939805,117.02187196535417,299033100,0
2025-03-14,121.66155242919922,121.87153693655638,118.1418001271865,118.6017672807591,277593500,1
2025-03-17,119.52169799804688,122.88146527258023,118.02180216580395,122.73147416358299,255501500,0
2025-03-18,115.42198181152344,119.01172876569431,114.53204424682897,117.99180297800854,299686900,-1
2025-03-19,117.51183319091797,120.44162996547794,115.67196466720779,117.26185055700965,273426200,0
2025-03-20,118.52176666259766,120.19164884723557,116.46191217445423,116.54190844924116,248829700,0
2025-03-21,117.69182586669922,117.98180664950618,115.41198537165405,116.93188412092742,266498500,0
2025-03-24,121.40157318115234,122.21151449504808,119.33170959432591,119.87167301321132,228452500,1
2025-03-25,120.68162536621094,121.28158219452679,118.9117439494844,120.5416356938994,167447200,0
2025-03-26,113.75210571289062,118.83174729689935,112.70217554499752,118.72176195088541,293463300,0
2025-03-27,111.4222640991211,114.4420510740887,110.6523209143036,111.34226782232153,236902100,0
2025-03-28,109.66238403320312,112.86216644188174,109.06242721559616,111.48225736963437,229872500,0
2025-03-31,108.37247467041016,110.95229742526604,103.642807248706,105.12270025073305,299212700,0
2025-04-01,110.14234924316406,110.19234119227177,106.46260459302538,108.51245759918966,222614000,0
2025-04-02,110.4123306274414,111.97222748899677,106.78258544027105,107.28255072037597,220601200,1
2025-04-03,101.79293060302734,105.62265871984647,101.59293992049946,103.50281088710224,338769400,0
2025-04-04,94.30345153808594,100.12304726897904,92.10360729078229,98.90313835695446,532273800,-1
2025-04-07,97.63321685791016,101.7429319683666,86.61398571543218,87.45392370324234,611041300,0
2025-04-08,96.29331970214844,105.84265234199715,94.45344343361101,103.80279300527448,476243400,0
2025-04-09,114.32205963134766,115.0920027848049,97.52322363090776,98.88312976565122,612918300,1
2025-04-10,107.56253051757812,110.85230299023063,99.14311699545735,109.36240858521514,437812400,0
2025-04-11,110.92229461669922,111.54225429514813,107.47253732050476,108.49246311009279,313417300,0
2025-04-14,110.70230865478516,114.282061802319,109.06242318709587,114.10207400079875,264705000,0
2025-04-15,112.19220733642578,113.61211454925541,110.49232841239639,110.96229700273265,228966900,1
2025-04-16,104.48274230957031,106.78258565420647,100.44302192276541,104.54274333093115,397016900,0
2025-04-17,101.48294830322266,104.46274466720584,100.04305351417702,104.44274178425454,290833400,0
2025-04-21,96.90327453613281,99.43309764026857,95.03340163666236,98.76313836502491,288501100,-1
2025-04-22,98.88313293457031,99.80306722318255,97.2732441150665,98.77313996214224,241004800,0
2025-04-23,102.70286560058594,104.79272441151089,102.01291108169299,104.51273745001276,247526000,0
2025-04-24,106.422607421875,106.53260039132012,103.10283834219908,103.47281538750215,220815000,0
2025-04-25,111.0022964477539,111.9122293136747,105.72266417620379,106.84258154964476,251064700,1
2025-04-28,108.72245025634766,110.36233572086073,106.01263179735646,109.68238265297498,207708500,0
2025-04-29,109.0124282836914,110.19234667117642,107.43254376799985,107.66252352883211,170444300,0
2025-04-30,108.91243743896484,108.91243743896484,104.07277707156662,104.46274938923446,235044600,0
2025-05-01,111.60224914550781,114.93201970345093,111.29227311666197,113.07214827264656,236121500,0
2025-05-02,114.49205017089844,115.39198920893173,113.36213137411846,114.17207269391602,190194800,0
2025-05-05,113.81209564208984,114.6620350893898,112.65218016349414,112.90216280263321,133163200,0
2025-05-06,113.53211975097656,114.73203340369881,110.81230733401684,111.47226518321953,158525600,0
2025-05-07,117.05187225341797,117.67183196470502,112.27220526080853,113.04215608614977,206758800,0
2025-05-08,117.36185455322266,118.67176116768113,115.84195580422112,118.24179071447391,198428100,0
2025-05-09,116.64189910888672,118.2217911942619,115.20199668891294,117.34184743589364,132972200,0
2025-05-12,122.99146270751953,122.99146270751953,120.27165027906005,121.96153541928634,225023300,0
2025-05-13,129.9209747314453,131.21089374180312,124.46136223351174,124.97132897244262,330430100,0
2025-05-14,135.33059692382812,135.43059608188196,131.67084745036084,133.19074615794872,281180800,0
2025-05-15,134.8206329345703,136.29053200968949,132.65078555171073,134.2806619130786,226632600,0
2025-05-16,135.39059448242188,136.34054073998118,133.45074197294815,136.21054488205627,226542500,0
2025-05-19,135.5605926513672,135.86055961165334,132.38080555276906,132.38080555276906,193154600,1
2025-05-20,134.37066650390625,134.5706495538956,132.610779045451,134.28066116234166,161514200,0
2025-05-21,131.7908477783203,137.39044962876582,130.58092511560693,133.0507547616815,270608700,0
2025-05-22,132.82078552246094,134.2406851659139,131.54087555490528,132.22082104991222,187344000,0
2025-05-23,131.2808837890625,132.67078673422913,129.15104195341007,129.99098000853303,198821300,-1
2025-05-27,135.49058532714844,135.65057787204648,133.300735049259,134.14067302338051,192953600,0
2025-05-28,134.80064392089844,137.24047706552236,134.7806410364111,136.0205604932104,304021100,0
2025-05-29,139.1803436279297,143.48004828952517,137.90043367160317,142.24012884407688,369241900,0
2025-05-30,135.12062072753906,139.61029915281162,132.91076748843994,138.7103677567503,333170900,0
2025-06-02,137.37046813964844,138.11040700485356,135.39059460313518,135.48059995132564,197663100,0
2025-06-03,141.21018981933594,141.9901344074345,137.94041273370485,138.77035689954903,225578800,0
2025-06-04,141.91014099121094,142.38010956756776,139.53030141372145,142.18012651028872,167120800,0
2025-06-05,139.98028564453125,143.99000172763624,138.82036252431462,142.16012695808664,231397900,0
2025-06-06,141.7101593017578,143.26005471165655,141.50016717206393,142.50009772583994,153986200,0
2025-06-09,142.62010192871094,144.98993249459744,141.9301473949137,143.18006060607402,185114500,0
2025-06-10,143.95001220703125,144.279975869788,141.52017297716907,142.68009610535242,155881900,0
2025-06-11,142.8300018310547,144.99000549316406,141.8699951171875,144.61000061035156,167694000,0
2025-06-12,145.0,145.0,141.85000610351562,141.97000122070312,162365000,1
2025-06-13,141.97000122070312,143.5800018310547,140.85000610351562,142.47999572753906,180820600,-1
2025-06-16,144.69000244140625,146.17999267578125,143.1999969482422,143.35000610351562,183133700,0
2025-06-17,144.1199951171875,145.22000122070312,143.77999877929688,144.49000549316406,139108000,0
2025-06-18,145.47999572753906,145.64999389648438,143.1199951171875,144.00999450683594,161494100,0
2025-06-20,143.85000610351562,146.1999969482422,142.64999389648438,145.4499969482422,242956200,-1
2025-06-23,144.1699981689453,144.77999877929688,142.02999877929688,142.5,154308900,0
2025-06-24,147.89999389648438,147.9600067138672,145.5,145.55999755859375,187566100,0
2025-06-25,154.30999755859375,154.4499969482422,149.25999450683594,149.27000427246094,269146500,0
2025-06-26,155.02000427246094,156.72000122070312,154.0,155.97999572753906,198145700,0
2025-06-27,157.75,158.7100067138672,155.25999450683594,156.0399932861328,263234500,0
2025-06-30,157.99000549316406,158.66000366210938,155.9600067138672,158.39999389648438,194580300,0
